kind,shap_mean_abs
base,45.55399463247536
interaction,3.9441776259030235
