kind,tree_feature_importance
base,0.6515991179811542
interaction,0.05464555320339185
