{
  "position": "TE",
  "seed": 56,
  "n_subsets": 20,
  "max_base_feats": 15,
  "n_iter_per_model": 15,
  "best_model_tag": "GB",
  "best_hyperparams": {
    "subsample": 0.9,
    "n_estimators": 800,
    "min_samples_leaf": 1,
    "max_depth": 5,
    "learning_rate": 0.15
  },
  "performance": {
    "test_r2": 0.6198727212043631,
    "test_mae": 34.67829589323896,
    "test_rmse": 40.27048003490748,
    "cv_r2_mean": 0.5301293084676079,
    "max_prediction_raw": -2.688437758731427,
    "min_prediction_raw": -166.69177142591084
  },
  "features": {
    "n_features": 11,
    "feature_names": [
      "DOM+",
      "Draft Capital",
      "Y/REC",
      "Y/RR",
      "MTF",
      "aDOT",
      "YAC/R",
      "CC%",
      "Drop%",
      "Breakout Age",
      "SpeedxBMI"
    ],
    "feature_kinds": {
      "DOM+": "base",
      "Draft Capital": "base",
      "Y/REC": "base",
      "Y/RR": "base",
      "MTF": "base",
      "aDOT": "base",
      "YAC/R": "base",
      "CC%": "base",
      "Drop%": "base",
      "Breakout Age": "base",
      "SpeedxBMI": "interaction"
    },
    "best_bases": [
      "DOM+",
      "Draft Capital",
      "Y/REC",
      "Y/RR",
      "MTF",
      "aDOT",
      "YAC/R",
      "CC%",
      "Drop%",
      "Breakout Age"
    ],
    "best_interactions": [
      "SpeedxBMI"
    ]
  },
  "shap_analysis": {
    "feature_importances": {
      "DOM+": 10.274980306817243,
      "Draft Capital": 25.62985927862859,
      "Y/REC": 3.5609111832851834,
      "Y/RR": 19.48865360911916,
      "MTF": 2.8556070154361417,
      "aDOT": 2.283332208874531,
      "YAC/R": 3.0712174868151734,
      "CC%": 1.5260624207147193,
      "Drop%": 2.2932304014132017,
      "Breakout Age": 1.826252253379709,
      "SpeedxBMI": 3.9441776259030235
    },
    "base_features_importance": {
      "DOM+": 10.274980306817243,
      "Draft Capital": 25.62985927862859,
      "Y/REC": 3.5609111832851834,
      "Y/RR": 19.48865360911916,
      "MTF": 2.8556070154361417,
      "aDOT": 2.283332208874531,
      "YAC/R": 3.0712174868151734,
      "CC%": 1.5260624207147193,
      "Drop%": 2.2932304014132017,
      "Breakout Age": 1.826252253379709
    },
    "interaction_features_importance": {
      "SpeedxBMI": 3.9441776259030235
    },
    "top_5_features": [
      [
        "Draft Capital",
        25.62985927862859
      ],
      [
        "Y/RR",
        19.48865360911916
      ],
      [
        "DOM+",
        10.274980306817243
      ],
      [
        "SpeedxBMI",
        3.9441776259030235
      ],
      [
        "Y/REC",
        3.5609111832851834
      ]
    ],
    "base_importance_sum": 72.81010616448366,
    "interaction_importance_sum": 3.9441776259030235,
    "shap_base_value": -92.44403384472028
  },
  "data_info": {
    "train_samples": 115,
    "test_samples": 29,
    "cv_folds_used": 15,
    "total_samples": 144
  },
  "training_config": {
    "max_base_feats": 15,
    "max_interactions": 3,
    "n_iter_per_model": 15,
    "test_size": 0.2,
    "interaction_hierarchy": "none",
    "draft_cap_cap": 0.3,
    "shap_enabled": true
  },
  "file_paths": {
    "model_pickle": "/Users/chasesiegel/Desktop/Comp_Sci/Capstone/Dynasty/data/Training/_derived/TE/te_model_seed56_subs20_base15_iter15.pkl",
    "predictions_csv": "/Users/chasesiegel/Desktop/Comp_Sci/Capstone/Dynasty/data/Training/_derived/TE/te_wide_best_preds_seed56_subs20_base15_iter15.csv",
    "leaderboard_csv": "/Users/chasesiegel/Desktop/Comp_Sci/Capstone/Dynasty/data/Training/_derived/TE/te_wide_leaderboard_seed56_subs20_base15_iter15.csv",
    "shap_contribs_csv": "/Users/chasesiegel/Desktop/Comp_Sci/Capstone/Dynasty/data/Training/_derived/TE/te_shap_contribs_seed56_subs20_base15_iter15.csv",
    "tree_importances_csv": "/Users/chasesiegel/Desktop/Comp_Sci/Capstone/Dynasty/data/Training/_derived/TE/te_tree_importances_seed56_subs20.csv",
    "tree_importances_split_csv": "/Users/chasesiegel/Desktop/Comp_Sci/Capstone/Dynasty/data/Training/_derived/TE/te_tree_importances_split_seed56_subs20.csv",
    "shap_importances_csv": "/Users/chasesiegel/Desktop/Comp_Sci/Capstone/Dynasty/data/Training/_derived/TE/te_shap_importances_seed56_subs20.csv",
    "shap_importances_split_csv": "/Users/chasesiegel/Desktop/Comp_Sci/Capstone/Dynasty/data/Training/_derived/TE/te_shap_importances_split_seed56_subs20.csv"
  },
  "timestamp": "2025-12-10T01:51:30.994306",
  "runtime_sec": 81.9549197498709
}