feature,shap_mean_abs,kind
DOM+,28.163000526640378,base
Y/RR,18.739493876519784,base
SpeedxBMI,11.238420837537339,interaction
REC%,8.614175769455107,base
Drop%,6.5114744610214945,base
YAC/R,4.225620716207496,base
CC%,3.797326022784143,base
Y/REC,3.4666380237235774,base
aDOT,2.4175438485328713,base
MTF,2.412350322649829,base
FUM,1.8407881242959712,base
Draft Capital,0.1,base
Breakout Age,0.1,base
