kind,shap_mean_abs
base,80.38841169183065
interaction,11.238420837537339
