kind,shap_mean_abs
base,75.85903557550367
interaction,6.309854562794731
