kind,shap_mean_abs
base,69.9021596324984
interaction,11.826809499956353
