kind,shap_mean_abs
base,78.04088144941373
interaction,6.0979761557474905
