kind,tree_feature_importance
base,0.40494250734103815
interaction,0.04139742950762955
