kind,tree_feature_importance
base,0.38440180311346617
interaction,0.026188066694535873
