kind,tree_feature_importance
base,0.44250583529138515
interaction,0.01566686344147259
