kind,tree_feature_importance
base,0.4411897692388081
interaction,0.015103104672667168
