kind,tree_feature_importance
base,0.4056009775817498
interaction,0.023304266857334416
