{
  "position": "WR",
  "seed": 34,
  "n_subsets": 20,
  "max_base_feats": 15,
  "n_iter_per_model": 15,
  "best_model_tag": "GB",
  "best_hyperparams": {
    "subsample": 0.9,
    "n_estimators": 400,
    "min_samples_leaf": 5,
    "max_depth": 2,
    "learning_rate": 0.05
  },
  "performance": {
    "test_r2": 0.7853784075590831,
    "test_mae": 53.68051040221413,
    "test_rmse": 73.48178484848493,
    "cv_r2_mean": 0.6801859916453918,
    "max_prediction_raw": -1.9214308281343015,
    "min_prediction_raw": -539.4862601179303
  },
  "features": {
    "n_features": 13,
    "feature_names": [
      "DOM+",
      "Draft Capital",
      "REC%",
      "CC%",
      "Y/REC",
      "YAC/R",
      "Drop%",
      "aDOT",
      "Breakout Age",
      "FUM",
      "MTF",
      "Y/RR",
      "SpeedxBMI"
    ],
    "feature_kinds": {
      "DOM+": "base",
      "Draft Capital": "base",
      "REC%": "base",
      "CC%": "base",
      "Y/REC": "base",
      "YAC/R": "base",
      "Drop%": "base",
      "aDOT": "base",
      "Breakout Age": "base",
      "FUM": "base",
      "MTF": "base",
      "Y/RR": "base",
      "SpeedxBMI": "interaction"
    },
    "best_bases": [
      "DOM+",
      "Draft Capital",
      "REC%",
      "CC%",
      "Y/REC",
      "YAC/R",
      "Drop%",
      "aDOT",
      "Breakout Age",
      "FUM",
      "MTF",
      "Y/RR"
    ],
    "best_interactions": [
      "SpeedxBMI"
    ]
  },
  "shap_analysis": {
    "feature_importances": {
      "DOM+": 25.82404481889832,
      "Draft Capital": 86.0183185122484,
      "REC%": 6.311423250178487,
      "CC%": 3.2769638723558936,
      "Y/REC": 3.8232200771197418,
      "YAC/R": 8.353941957525706,
      "Drop%": 5.043995352767241,
      "aDOT": 3.499105991901617,
      "Breakout Age": 12.596150343238966,
      "FUM": 2.418836109365617,
      "MTF": 2.7797583392760545,
      "Y/RR": 16.509591680025054,
      "SpeedxBMI": 6.0979761557474905
    },
    "base_features_importance": {
      "DOM+": 25.82404481889832,
      "Draft Capital": 86.0183185122484,
      "REC%": 6.311423250178487,
      "CC%": 3.2769638723558936,
      "Y/REC": 3.8232200771197418,
      "YAC/R": 8.353941957525706,
      "Drop%": 5.043995352767241,
      "aDOT": 3.499105991901617,
      "Breakout Age": 12.596150343238966,
      "FUM": 2.418836109365617,
      "MTF": 2.7797583392760545,
      "Y/RR": 16.509591680025054
    },
    "interaction_features_importance": {
      "SpeedxBMI": 6.0979761557474905
    },
    "top_5_features": [
      [
        "Draft Capital",
        86.0183185122484
      ],
      [
        "DOM+",
        25.82404481889832
      ],
      [
        "Y/RR",
        16.509591680025054
      ],
      [
        "Breakout Age",
        12.596150343238966
      ],
      [
        "YAC/R",
        8.353941957525706
      ]
    ],
    "base_importance_sum": 176.45535030490112,
    "interaction_importance_sum": 6.0979761557474905,
    "shap_base_value": -210.37249841902837
  },
  "data_info": {
    "train_samples": 265,
    "test_samples": 67,
    "cv_folds_used": 15,
    "total_samples": 332
  },
  "training_config": {
    "max_base_feats": 15,
    "max_interactions": 3,
    "n_iter_per_model": 15,
    "test_size": 0.2,
    "interaction_hierarchy": "none",
    "draft_cap_cap": 0.1,
    "shap_enabled": true
  },
  "file_paths": {
    "model_pickle": "/Users/chasesiegel/Desktop/Comp_Sci/Capstone/Dynasty/data/Training/_derived/WR/wr_model_seed34_subs20_base15_iter15.pkl",
    "predictions_csv": "/Users/chasesiegel/Desktop/Comp_Sci/Capstone/Dynasty/data/Training/_derived/WR/wr_wide_best_preds_seed34_subs20_base15_iter15.csv",
    "leaderboard_csv": "/Users/chasesiegel/Desktop/Comp_Sci/Capstone/Dynasty/data/Training/_derived/WR/wr_wide_leaderboard_seed34_subs20_base15_iter15.csv",
    "shap_contribs_csv": "/Users/chasesiegel/Desktop/Comp_Sci/Capstone/Dynasty/data/Training/_derived/WR/wr_shap_contribs_seed34_subs20_base15_iter15.csv",
    "tree_importances_csv": "/Users/chasesiegel/Desktop/Comp_Sci/Capstone/Dynasty/data/Training/_derived/WR/wr_tree_importances_seed34_subs20.csv",
    "tree_importances_split_csv": "/Users/chasesiegel/Desktop/Comp_Sci/Capstone/Dynasty/data/Training/_derived/WR/wr_tree_importances_split_seed34_subs20.csv",
    "shap_importances_csv": "/Users/chasesiegel/Desktop/Comp_Sci/Capstone/Dynasty/data/Training/_derived/WR/wr_shap_importances_seed34_subs20.csv",
    "shap_importances_split_csv": "/Users/chasesiegel/Desktop/Comp_Sci/Capstone/Dynasty/data/Training/_derived/WR/wr_shap_importances_split_seed34_subs20.csv"
  },
  "timestamp": "2025-12-11T15:08:21.426688",
  "runtime_sec": 160.3759039156139
}