kind,shap_mean_abs
base,38.454546495403676
interaction,2.916837229889296
