kind,shap_mean_abs
base,48.657447322823714
interaction,6.051361340969135
