kind,shap_mean_abs
base,37.10550650938079
interaction,4.811090354843971
