kind,shap_mean_abs
base,45.55471761609802
interaction,3.9441880496200663
