kind,shap_mean_abs
base,42.284492686570985
interaction,3.719984974620889
