kind,shap_mean_abs
base,48.349623319104715
interaction,4.935632177193312
