kind,tree_feature_importance
base,0.6762616331979461
interaction,0.05194590277931448
