kind,tree_feature_importance
base,0.6224379933017323
interaction,0.0694048944584714
