kind,tree_feature_importance
base,0.6511697280636766
interaction,0.0727192000617877
