kind,tree_feature_importance
base,0.6830660316507708
interaction,0.05766790086078107
