kind,tree_feature_importance
base,0.6233567965225187
interaction,0.06809380551211927
