{
  "position": "TE",
  "seed": 56,
  "n_subsets": 20,
  "max_base_feats": 15,
  "n_iter_per_model": 15,
  "best_model_tag": "GB",
  "best_hyperparams": {
    "subsample": 0.9,
    "n_estimators": 600,
    "min_samples_leaf": 1,
    "max_depth": 5,
    "learning_rate": 0.15
  },
  "performance": {
    "test_r2": 0.619872721204199,
    "test_mae": 34.67829589323194,
    "test_rmse": 40.270480034916176,
    "cv_r2_mean": 0.530350962222943,
    "max_prediction_raw": -2.688437758527792,
    "min_prediction_raw": -166.6917714257072
  },
  "features": {
    "n_features": 11,
    "feature_names": [
      "DOM+",
      "Draft Capital",
      "Y/REC",
      "Y/RR",
      "MTF",
      "aDOT",
      "YAC/R",
      "CC%",
      "Drop%",
      "Breakout Age",
      "SpeedxBMI"
    ],
    "feature_kinds": {
      "DOM+": "base",
      "Draft Capital": "base",
      "Y/REC": "base",
      "Y/RR": "base",
      "MTF": "base",
      "aDOT": "base",
      "YAC/R": "base",
      "CC%": "base",
      "Drop%": "base",
      "Breakout Age": "base",
      "SpeedxBMI": "interaction"
    },
    "best_bases": [
      "DOM+",
      "Draft Capital",
      "Y/REC",
      "Y/RR",
      "MTF",
      "aDOT",
      "YAC/R",
      "CC%",
      "Drop%",
      "Breakout Age"
    ],
    "best_interactions": [
      "SpeedxBMI"
    ]
  },
  "shap_analysis": {
    "feature_importances": {
      "DOM+": 10.275532024515194,
      "Draft Capital": 25.63056675418215,
      "Y/REC": 3.5609103357508265,
      "Y/RR": 19.488653625944217,
      "MTF": 2.855603305353567,
      "aDOT": 2.2833346455006893,
      "YAC/R": 3.07121871171442,
      "CC%": 1.5260624206994107,
      "Drop%": 2.293402546619692,
      "Breakout Age": 1.8262523197524796,
      "SpeedxBMI": 3.9441880496200663
    },
    "base_features_importance": {
      "DOM+": 10.275532024515194,
      "Draft Capital": 25.63056675418215,
      "Y/REC": 3.5609103357508265,
      "Y/RR": 19.488653625944217,
      "MTF": 2.855603305353567,
      "aDOT": 2.2833346455006893,
      "YAC/R": 3.07121871171442,
      "CC%": 1.5260624206994107,
      "Drop%": 2.293402546619692,
      "Breakout Age": 1.8262523197524796
    },
    "interaction_features_importance": {
      "SpeedxBMI": 3.9441880496200663
    },
    "top_5_features": [
      [
        "Draft Capital",
        25.63056675418215
      ],
      [
        "Y/RR",
        19.488653625944217
      ],
      [
        "DOM+",
        10.275532024515194
      ],
      [
        "SpeedxBMI",
        3.9441880496200663
      ],
      [
        "Y/REC",
        3.5609103357508265
      ]
    ],
    "base_importance_sum": 72.81153669003264,
    "interaction_importance_sum": 3.9441880496200663,
    "shap_base_value": -92.44403384451665
  },
  "data_info": {
    "train_samples": 115,
    "test_samples": 29,
    "cv_folds_used": 15,
    "total_samples": 144
  },
  "training_config": {
    "max_base_feats": 15,
    "max_interactions": 3,
    "n_iter_per_model": 15,
    "test_size": 0.2,
    "interaction_hierarchy": "none",
    "draft_cap_cap": 0.1,
    "shap_enabled": true
  },
  "file_paths": {
    "model_pickle": "/Users/chasesiegel/Desktop/Comp_Sci/Capstone/Dynasty/data/Training/_derived/TE/te_model_seed56_subs20_base15_iter15.pkl",
    "predictions_csv": "/Users/chasesiegel/Desktop/Comp_Sci/Capstone/Dynasty/data/Training/_derived/TE/te_wide_best_preds_seed56_subs20_base15_iter15.csv",
    "leaderboard_csv": "/Users/chasesiegel/Desktop/Comp_Sci/Capstone/Dynasty/data/Training/_derived/TE/te_wide_leaderboard_seed56_subs20_base15_iter15.csv",
    "shap_contribs_csv": "/Users/chasesiegel/Desktop/Comp_Sci/Capstone/Dynasty/data/Training/_derived/TE/te_shap_contribs_seed56_subs20_base15_iter15.csv",
    "tree_importances_csv": "/Users/chasesiegel/Desktop/Comp_Sci/Capstone/Dynasty/data/Training/_derived/TE/te_tree_importances_seed56_subs20.csv",
    "tree_importances_split_csv": "/Users/chasesiegel/Desktop/Comp_Sci/Capstone/Dynasty/data/Training/_derived/TE/te_tree_importances_split_seed56_subs20.csv",
    "shap_importances_csv": "/Users/chasesiegel/Desktop/Comp_Sci/Capstone/Dynasty/data/Training/_derived/TE/te_shap_importances_seed56_subs20.csv",
    "shap_importances_split_csv": "/Users/chasesiegel/Desktop/Comp_Sci/Capstone/Dynasty/data/Training/_derived/TE/te_shap_importances_split_seed56_subs20.csv"
  },
  "timestamp": "2025-12-11T14:09:44.044713",
  "runtime_sec": 90.75027812551707
}