{
  "position": "TE",
  "seed": 56,
  "n_subsets": 40,
  "max_base_feats": 15,
  "n_iter_per_model": 15,
  "best_model_tag": "GB",
  "best_hyperparams": {
    "subsample": 0.9,
    "n_estimators": 200,
    "min_samples_leaf": 5,
    "max_depth": 6,
    "learning_rate": 0.1
  },
  "performance": {
    "test_r2": 0.6477980047812362,
    "test_mae": 31.816172196524825,
    "test_rmse": 38.76307256076639,
    "cv_r2_mean": 0.510745826763954,
    "max_prediction_raw": -6.154030294371174,
    "min_prediction_raw": -181.78050504511918
  },
  "features": {
    "n_features": 10,
    "feature_names": [
      "DOM+",
      "Draft Capital",
      "FUM",
      "Y/RR",
      "aDOT",
      "YAC/R",
      "CC%",
      "REC%",
      "Breakout Age",
      "SpeedxBMI"
    ],
    "feature_kinds": {
      "DOM+": "base",
      "Draft Capital": "base",
      "FUM": "base",
      "Y/RR": "base",
      "aDOT": "base",
      "YAC/R": "base",
      "CC%": "base",
      "REC%": "base",
      "Breakout Age": "base",
      "SpeedxBMI": "interaction"
    },
    "best_bases": [
      "DOM+",
      "Draft Capital",
      "FUM",
      "Y/RR",
      "aDOT",
      "YAC/R",
      "CC%",
      "REC%",
      "Breakout Age"
    ],
    "best_interactions": [
      "SpeedxBMI"
    ]
  },
  "shap_analysis": {
    "feature_importances": {
      "DOM+": 10.333639884289932,
      "Draft Capital": 25.510821717636787,
      "FUM": 0.4085793917118256,
      "Y/RR": 20.06607125422838,
      "aDOT": 4.333239893639821,
      "YAC/R": 5.989818031677513,
      "CC%": 1.5875101331295773,
      "REC%": 5.43076473042767,
      "Breakout Age": 2.4417881306158646,
      "SpeedxBMI": 4.935632177193312
    },
    "base_features_importance": {
      "DOM+": 10.333639884289932,
      "Draft Capital": 25.510821717636787,
      "FUM": 0.4085793917118256,
      "Y/RR": 20.06607125422838,
      "aDOT": 4.333239893639821,
      "YAC/R": 5.989818031677513,
      "CC%": 1.5875101331295773,
      "REC%": 5.43076473042767,
      "Breakout Age": 2.4417881306158646
    },
    "interaction_features_importance": {
      "SpeedxBMI": 4.935632177193312
    },
    "top_5_features": [
      [
        "Draft Capital",
        25.510821717636787
      ],
      [
        "Y/RR",
        20.06607125422838
      ],
      [
        "DOM+",
        10.333639884289932
      ],
      [
        "YAC/R",
        5.989818031677513
      ],
      [
        "REC%",
        5.43076473042767
      ]
    ],
    "base_importance_sum": 76.10223316735737,
    "interaction_importance_sum": 4.935632177193312,
    "shap_base_value": -92.42634873634786
  },
  "data_info": {
    "train_samples": 115,
    "test_samples": 29,
    "cv_folds_used": 15,
    "total_samples": 144
  },
  "training_config": {
    "max_base_feats": 15,
    "max_interactions": 3,
    "n_iter_per_model": 15,
    "test_size": 0.2,
    "interaction_hierarchy": "none",
    "draft_cap_cap": 0.1,
    "shap_enabled": true
  },
  "file_paths": {
    "model_pickle": "/Users/chasesiegel/Desktop/Comp_Sci/Capstone/Dynasty/data/Training/_derived/TE/te_model_seed56_subs40_base15_iter15.pkl",
    "predictions_csv": "/Users/chasesiegel/Desktop/Comp_Sci/Capstone/Dynasty/data/Training/_derived/TE/te_wide_best_preds_seed56_subs40_base15_iter15.csv",
    "leaderboard_csv": "/Users/chasesiegel/Desktop/Comp_Sci/Capstone/Dynasty/data/Training/_derived/TE/te_wide_leaderboard_seed56_subs40_base15_iter15.csv",
    "shap_contribs_csv": "/Users/chasesiegel/Desktop/Comp_Sci/Capstone/Dynasty/data/Training/_derived/TE/te_shap_contribs_seed56_subs40_base15_iter15.csv",
    "tree_importances_csv": "/Users/chasesiegel/Desktop/Comp_Sci/Capstone/Dynasty/data/Training/_derived/TE/te_tree_importances_seed56_subs40.csv",
    "tree_importances_split_csv": "/Users/chasesiegel/Desktop/Comp_Sci/Capstone/Dynasty/data/Training/_derived/TE/te_tree_importances_split_seed56_subs40.csv",
    "shap_importances_csv": "/Users/chasesiegel/Desktop/Comp_Sci/Capstone/Dynasty/data/Training/_derived/TE/te_shap_importances_seed56_subs40.csv",
    "shap_importances_split_csv": "/Users/chasesiegel/Desktop/Comp_Sci/Capstone/Dynasty/data/Training/_derived/TE/te_shap_importances_split_seed56_subs40.csv"
  },
  "timestamp": "2025-12-11T14:18:07.695466",
  "runtime_sec": 172.46811387501657
}