{
  "position": "TE",
  "seed": 56,
  "n_subsets": 10,
  "max_base_feats": 15,
  "n_iter_per_model": 15,
  "best_model_tag": "GB",
  "best_hyperparams": {
    "subsample": 0.9,
    "n_estimators": 200,
    "min_samples_leaf": 5,
    "max_depth": 7,
    "learning_rate": 0.15
  },
  "performance": {
    "test_r2": 0.6017566842011481,
    "test_mae": 31.810377126684152,
    "test_rmse": 41.21891311214609,
    "cv_r2_mean": 0.558116529230819,
    "max_prediction_raw": -5.8997426203704135,
    "min_prediction_raw": -184.65180754826918
  },
  "features": {
    "n_features": 8,
    "feature_names": [
      "DOM+",
      "Draft Capital",
      "Y/RR",
      "aDOT",
      "Y/REC",
      "CC%",
      "MTF",
      "SpeedxBMI"
    ],
    "feature_kinds": {
      "DOM+": "base",
      "Draft Capital": "base",
      "Y/RR": "base",
      "aDOT": "base",
      "Y/REC": "base",
      "CC%": "base",
      "MTF": "base",
      "SpeedxBMI": "interaction"
    },
    "best_bases": [
      "DOM+",
      "Draft Capital",
      "Y/RR",
      "aDOT",
      "Y/REC",
      "CC%",
      "MTF"
    ],
    "best_interactions": [
      "SpeedxBMI"
    ]
  },
  "shap_analysis": {
    "feature_importances": {
      "DOM+": 10.48280037248224,
      "Draft Capital": 25.06608877149866,
      "Y/RR": 20.6265960203645,
      "aDOT": 2.982662170708064,
      "Y/REC": 6.923395409468241,
      "CC%": 2.962240668142707,
      "MTF": 4.579752681657965,
      "SpeedxBMI": 6.051361340969135
    },
    "base_features_importance": {
      "DOM+": 10.48280037248224,
      "Draft Capital": 25.06608877149866,
      "Y/RR": 20.6265960203645,
      "aDOT": 2.982662170708064,
      "Y/REC": 6.923395409468241,
      "CC%": 2.962240668142707,
      "MTF": 4.579752681657965
    },
    "interaction_features_importance": {
      "SpeedxBMI": 6.051361340969135
    },
    "top_5_features": [
      [
        "Draft Capital",
        25.06608877149866
      ],
      [
        "Y/RR",
        20.6265960203645
      ],
      [
        "DOM+",
        10.48280037248224
      ],
      [
        "Y/REC",
        6.923395409468241
      ],
      [
        "SpeedxBMI",
        6.051361340969135
      ]
    ],
    "base_importance_sum": 73.62353609432239,
    "interaction_importance_sum": 6.051361340969135,
    "shap_base_value": -92.30528221046454
  },
  "data_info": {
    "train_samples": 115,
    "test_samples": 29,
    "cv_folds_used": 15,
    "total_samples": 144
  },
  "training_config": {
    "max_base_feats": 15,
    "max_interactions": 3,
    "n_iter_per_model": 15,
    "test_size": 0.2,
    "interaction_hierarchy": "none",
    "draft_cap_cap": 0.1,
    "shap_enabled": true
  },
  "file_paths": {
    "model_pickle": "/Users/chasesiegel/Desktop/Comp_Sci/Capstone/Dynasty/data/Training/_derived/TE/te_model_seed56_subs10_base15_iter15.pkl",
    "predictions_csv": "/Users/chasesiegel/Desktop/Comp_Sci/Capstone/Dynasty/data/Training/_derived/TE/te_wide_best_preds_seed56_subs10_base15_iter15.csv",
    "leaderboard_csv": "/Users/chasesiegel/Desktop/Comp_Sci/Capstone/Dynasty/data/Training/_derived/TE/te_wide_leaderboard_seed56_subs10_base15_iter15.csv",
    "shap_contribs_csv": "/Users/chasesiegel/Desktop/Comp_Sci/Capstone/Dynasty/data/Training/_derived/TE/te_shap_contribs_seed56_subs10_base15_iter15.csv",
    "tree_importances_csv": "/Users/chasesiegel/Desktop/Comp_Sci/Capstone/Dynasty/data/Training/_derived/TE/te_tree_importances_seed56_subs10.csv",
    "tree_importances_split_csv": "/Users/chasesiegel/Desktop/Comp_Sci/Capstone/Dynasty/data/Training/_derived/TE/te_tree_importances_split_seed56_subs10.csv",
    "shap_importances_csv": "/Users/chasesiegel/Desktop/Comp_Sci/Capstone/Dynasty/data/Training/_derived/TE/te_shap_importances_seed56_subs10.csv",
    "shap_importances_split_csv": "/Users/chasesiegel/Desktop/Comp_Sci/Capstone/Dynasty/data/Training/_derived/TE/te_shap_importances_split_seed56_subs10.csv"
  },
  "timestamp": "2025-12-11T14:05:05.456896",
  "runtime_sec": 48.122376958839595
}