{
  "position": "TE",
  "seed": 21,
  "n_subsets": 40,
  "max_base_feats": 15,
  "n_iter_per_model": 15,
  "best_model_tag": "GB",
  "best_hyperparams": {
    "subsample": 0.8,
    "n_estimators": 400,
    "min_samples_leaf": 3,
    "max_depth": 6,
    "learning_rate": 0.05
  },
  "performance": {
    "test_r2": 0.7287860302296036,
    "test_mae": 22.083745124350386,
    "test_rmse": 28.332640668400057,
    "cv_r2_mean": 0.40744602140493114,
    "max_prediction_raw": 5.458984157629464,
    "min_prediction_raw": -191.6481636009901
  },
  "features": {
    "n_features": 10,
    "feature_names": [
      "DOM+",
      "Draft Capital",
      "Y/REC",
      "Drop%",
      "CC%",
      "aDOT",
      "Y/RR",
      "REC%",
      "MTF",
      "SpeedxBMI"
    ],
    "feature_kinds": {
      "DOM+": "base",
      "Draft Capital": "base",
      "Y/REC": "base",
      "Drop%": "base",
      "CC%": "base",
      "aDOT": "base",
      "Y/RR": "base",
      "REC%": "base",
      "MTF": "base",
      "SpeedxBMI": "interaction"
    },
    "best_bases": [
      "DOM+",
      "Draft Capital",
      "Y/REC",
      "Drop%",
      "CC%",
      "aDOT",
      "Y/RR",
      "REC%",
      "MTF"
    ],
    "best_interactions": [
      "SpeedxBMI"
    ]
  },
  "shap_analysis": {
    "feature_importances": {
      "DOM+": 8.494750772638492,
      "Draft Capital": 28.224897465206645,
      "Y/REC": 3.537395726579184,
      "Drop%": 2.4617209874775856,
      "CC%": 2.3577094229319817,
      "aDOT": 2.141025236136327,
      "Y/RR": 18.575819438559027,
      "REC%": 2.027976213011715,
      "MTF": 2.5880948892366726,
      "SpeedxBMI": 3.719984974620889
    },
    "base_features_importance": {
      "DOM+": 8.494750772638492,
      "Draft Capital": 28.224897465206645,
      "Y/REC": 3.537395726579184,
      "Drop%": 2.4617209874775856,
      "CC%": 2.3577094229319817,
      "aDOT": 2.141025236136327,
      "Y/RR": 18.575819438559027,
      "REC%": 2.027976213011715,
      "MTF": 2.5880948892366726
    },
    "interaction_features_importance": {
      "SpeedxBMI": 3.719984974620889
    },
    "top_5_features": [
      [
        "Draft Capital",
        28.224897465206645
      ],
      [
        "Y/RR",
        18.575819438559027
      ],
      [
        "DOM+",
        8.494750772638492
      ],
      [
        "SpeedxBMI",
        3.719984974620889
      ],
      [
        "Y/REC",
        3.537395726579184
      ]
    ],
    "base_importance_sum": 70.40939015177763,
    "interaction_importance_sum": 3.719984974620889,
    "shap_base_value": -92.18852253265024
  },
  "data_info": {
    "train_samples": 115,
    "test_samples": 29,
    "cv_folds_used": 15,
    "total_samples": 144
  },
  "training_config": {
    "max_base_feats": 15,
    "max_interactions": 3,
    "n_iter_per_model": 15,
    "test_size": 0.2,
    "interaction_hierarchy": "none",
    "draft_cap_cap": 0.1,
    "shap_enabled": true
  },
  "file_paths": {
    "model_pickle": "/Users/chasesiegel/Desktop/Comp_Sci/Capstone/Dynasty/data/Training/_derived/TE/te_model_seed21_subs40_base15_iter15.pkl",
    "predictions_csv": "/Users/chasesiegel/Desktop/Comp_Sci/Capstone/Dynasty/data/Training/_derived/TE/te_wide_best_preds_seed21_subs40_base15_iter15.csv",
    "leaderboard_csv": "/Users/chasesiegel/Desktop/Comp_Sci/Capstone/Dynasty/data/Training/_derived/TE/te_wide_leaderboard_seed21_subs40_base15_iter15.csv",
    "shap_contribs_csv": "/Users/chasesiegel/Desktop/Comp_Sci/Capstone/Dynasty/data/Training/_derived/TE/te_shap_contribs_seed21_subs40_base15_iter15.csv",
    "tree_importances_csv": "/Users/chasesiegel/Desktop/Comp_Sci/Capstone/Dynasty/data/Training/_derived/TE/te_tree_importances_seed21_subs40.csv",
    "tree_importances_split_csv": "/Users/chasesiegel/Desktop/Comp_Sci/Capstone/Dynasty/data/Training/_derived/TE/te_tree_importances_split_seed21_subs40.csv",
    "shap_importances_csv": "/Users/chasesiegel/Desktop/Comp_Sci/Capstone/Dynasty/data/Training/_derived/TE/te_shap_importances_seed21_subs40.csv",
    "shap_importances_split_csv": "/Users/chasesiegel/Desktop/Comp_Sci/Capstone/Dynasty/data/Training/_derived/TE/te_shap_importances_split_seed21_subs40.csv"
  },
  "timestamp": "2025-12-11T14:12:19.173066",
  "runtime_sec": 155.12176200002432
}