kind,shap_mean_abs
base,57.02039153308996
interaction,4.428010262368943
