kind,shap_mean_abs
base,53.650390711979306
interaction,6.826178898757763
