kind,shap_mean_abs
base,45.293726866749516
interaction,4.942414477598703
