kind,shap_mean_abs
base,33.61880531690898
interaction,3.658534925876582
