kind,shap_mean_abs
base,50.91964204295826
interaction,4.4548893901189155
