kind,tree_feature_importance
base,0.5025072126378973
interaction,0.03688842864414111
