kind,tree_feature_importance
base,0.4683432236627987
interaction,0.0357931928560975
