{
  "position": "RB",
  "seed": 21,
  "n_subsets": 20,
  "max_base_feats": 15,
  "n_iter_per_model": 15,
  "best_model_tag": "GB",
  "best_hyperparams": {
    "subsample": 0.8,
    "n_estimators": 200,
    "min_samples_leaf": 3,
    "max_depth": 6,
    "learning_rate": 0.05
  },
  "performance": {
    "test_r2": 0.5449916195322559,
    "test_mae": 46.930072544666835,
    "test_rmse": 58.92871494760905,
    "cv_r2_mean": 0.6190718922415487,
    "max_prediction_raw": -12.180065055020279,
    "min_prediction_raw": -238.3178008596723
  },
  "features": {
    "n_features": 8,
    "feature_names": [
      "DOM+",
      "RDOM+",
      "Draft Capital",
      "ELU",
      "YCO/A",
      "Breakout Age",
      "Y/RR",
      "SpeedxBMI"
    ],
    "feature_kinds": {
      "DOM+": "base",
      "RDOM+": "base",
      "Draft Capital": "base",
      "ELU": "base",
      "YCO/A": "base",
      "Breakout Age": "base",
      "Y/RR": "base",
      "SpeedxBMI": "interaction"
    },
    "best_bases": [
      "DOM+",
      "RDOM+",
      "Draft Capital",
      "ELU",
      "YCO/A",
      "Breakout Age",
      "Y/RR"
    ],
    "best_interactions": [
      "SpeedxBMI"
    ]
  },
  "shap_analysis": {
    "feature_importances": {
      "DOM+": 6.521013126849054,
      "RDOM+": 9.812012657513195,
      "Draft Capital": 47.08524558516261,
      "ELU": 7.273720703536399,
      "YCO/A": 13.53819822709802,
      "Breakout Age": 8.343882772254547,
      "Y/RR": 2.8401279883376978,
      "SpeedxBMI": 2.6303480615714663
    },
    "base_features_importance": {
      "DOM+": 6.521013126849054,
      "RDOM+": 9.812012657513195,
      "Draft Capital": 47.08524558516261,
      "ELU": 7.273720703536399,
      "YCO/A": 13.53819822709802,
      "Breakout Age": 8.343882772254547,
      "Y/RR": 2.8401279883376978
    },
    "interaction_features_importance": {
      "SpeedxBMI": 2.6303480615714663
    },
    "top_5_features": [
      [
        "Draft Capital",
        47.08524558516261
      ],
      [
        "YCO/A",
        13.53819822709802
      ],
      [
        "RDOM+",
        9.812012657513195
      ],
      [
        "Breakout Age",
        8.343882772254547
      ],
      [
        "ELU",
        7.273720703536399
      ]
    ],
    "base_importance_sum": 95.41420106075152,
    "interaction_importance_sum": 2.6303480615714663,
    "shap_base_value": -128.5203488593164
  },
  "data_info": {
    "train_samples": 169,
    "test_samples": 43,
    "cv_folds_used": 15,
    "total_samples": 212
  },
  "training_config": {
    "max_base_feats": 15,
    "max_interactions": 3,
    "n_iter_per_model": 15,
    "test_size": 0.2,
    "interaction_hierarchy": "none",
    "draft_cap_cap": 0.3,
    "shap_enabled": true
  },
  "file_paths": {
    "model_pickle": "/Users/chasesiegel/Desktop/Comp_Sci/Capstone/Dynasty/data/Training/_derived/RB/rb_model_seed21_subs20_base15_iter15.pkl",
    "predictions_csv": "/Users/chasesiegel/Desktop/Comp_Sci/Capstone/Dynasty/data/Training/_derived/RB/rb_wide_best_preds_seed21_subs20_base15_iter15.csv",
    "leaderboard_csv": "/Users/chasesiegel/Desktop/Comp_Sci/Capstone/Dynasty/data/Training/_derived/RB/rb_wide_leaderboard_seed21_subs20_base15_iter15.csv",
    "shap_contribs_csv": "/Users/chasesiegel/Desktop/Comp_Sci/Capstone/Dynasty/data/Training/_derived/RB/rb_shap_contribs_seed21_subs20_base15_iter15.csv",
    "tree_importances_csv": "/Users/chasesiegel/Desktop/Comp_Sci/Capstone/Dynasty/data/Training/_derived/RB/rb_tree_importances_seed21_subs20.csv",
    "tree_importances_split_csv": "/Users/chasesiegel/Desktop/Comp_Sci/Capstone/Dynasty/data/Training/_derived/RB/rb_tree_importances_split_seed21_subs20.csv",
    "shap_importances_csv": "/Users/chasesiegel/Desktop/Comp_Sci/Capstone/Dynasty/data/Training/_derived/RB/rb_shap_importances_seed21_subs20.csv",
    "shap_importances_split_csv": "/Users/chasesiegel/Desktop/Comp_Sci/Capstone/Dynasty/data/Training/_derived/RB/rb_shap_importances_split_seed21_subs20.csv"
  },
  "timestamp": "2025-12-10T00:20:50.781051",
  "runtime_sec": 101.95997816696763
}