{
  "position": "RB",
  "seed": 21,
  "n_subsets": 40,
  "max_base_feats": 15,
  "n_iter_per_model": 15,
  "best_model_tag": "GB",
  "best_hyperparams": {
    "subsample": 0.9,
    "n_estimators": 600,
    "min_samples_leaf": 3,
    "max_depth": 3,
    "learning_rate": 0.15
  },
  "performance": {
    "test_r2": 0.5682930821938134,
    "test_mae": 45.23492172058154,
    "test_rmse": 57.39998471268099,
    "cv_r2_mean": 0.5841135005145649,
    "max_prediction_raw": -5.255464461946786,
    "min_prediction_raw": -253.82383199327447
  },
  "features": {
    "n_features": 10,
    "feature_names": [
      "DOM+",
      "RDOM+",
      "Draft Capital",
      "ELU",
      "MTF",
      "10+",
      "Y/RR",
      "Breakout Age",
      "Break%",
      "SpeedxBMI"
    ],
    "feature_kinds": {
      "DOM+": "base",
      "RDOM+": "base",
      "Draft Capital": "base",
      "ELU": "base",
      "MTF": "base",
      "10+": "base",
      "Y/RR": "base",
      "Breakout Age": "base",
      "Break%": "base",
      "SpeedxBMI": "interaction"
    },
    "best_bases": [
      "DOM+",
      "RDOM+",
      "Draft Capital",
      "ELU",
      "MTF",
      "10+",
      "Y/RR",
      "Breakout Age",
      "Break%"
    ],
    "best_interactions": [
      "SpeedxBMI"
    ]
  },
  "shap_analysis": {
    "feature_importances": {
      "DOM+": 7.235774491152947,
      "RDOM+": 7.132714014031897,
      "Draft Capital": 43.11299714182961,
      "ELU": 9.774227294960916,
      "MTF": 15.902244253329357,
      "10+": 3.793466575413053,
      "Y/RR": 2.519994247890932,
      "Breakout Age": 9.84209635555398,
      "Break%": 7.091969835200202,
      "SpeedxBMI": 6.826178898757763
    },
    "base_features_importance": {
      "DOM+": 7.235774491152947,
      "RDOM+": 7.132714014031897,
      "Draft Capital": 43.11299714182961,
      "ELU": 9.774227294960916,
      "MTF": 15.902244253329357,
      "10+": 3.793466575413053,
      "Y/RR": 2.519994247890932,
      "Breakout Age": 9.84209635555398,
      "Break%": 7.091969835200202
    },
    "interaction_features_importance": {
      "SpeedxBMI": 6.826178898757763
    },
    "top_5_features": [
      [
        "Draft Capital",
        43.11299714182961
      ],
      [
        "MTF",
        15.902244253329357
      ],
      [
        "Breakout Age",
        9.84209635555398
      ],
      [
        "ELU",
        9.774227294960916
      ],
      [
        "DOM+",
        7.235774491152947
      ]
    ],
    "base_importance_sum": 106.40548420936288,
    "interaction_importance_sum": 6.826178898757763,
    "shap_base_value": -129.1458696580466
  },
  "data_info": {
    "train_samples": 169,
    "test_samples": 43,
    "cv_folds_used": 15,
    "total_samples": 212
  },
  "training_config": {
    "max_base_feats": 15,
    "max_interactions": 3,
    "n_iter_per_model": 15,
    "test_size": 0.2,
    "interaction_hierarchy": "none",
    "draft_cap_cap": 0.3,
    "shap_enabled": true
  },
  "file_paths": {
    "model_pickle": "/Users/chasesiegel/Desktop/Comp_Sci/Capstone/Dynasty/data/Training/_derived/RB/rb_model_seed21_subs40_base15_iter15.pkl",
    "predictions_csv": "/Users/chasesiegel/Desktop/Comp_Sci/Capstone/Dynasty/data/Training/_derived/RB/rb_wide_best_preds_seed21_subs40_base15_iter15.csv",
    "leaderboard_csv": "/Users/chasesiegel/Desktop/Comp_Sci/Capstone/Dynasty/data/Training/_derived/RB/rb_wide_leaderboard_seed21_subs40_base15_iter15.csv",
    "shap_contribs_csv": "/Users/chasesiegel/Desktop/Comp_Sci/Capstone/Dynasty/data/Training/_derived/RB/rb_shap_contribs_seed21_subs40_base15_iter15.csv",
    "tree_importances_csv": "/Users/chasesiegel/Desktop/Comp_Sci/Capstone/Dynasty/data/Training/_derived/RB/rb_tree_importances_seed21_subs40.csv",
    "tree_importances_split_csv": "/Users/chasesiegel/Desktop/Comp_Sci/Capstone/Dynasty/data/Training/_derived/RB/rb_tree_importances_split_seed21_subs40.csv",
    "shap_importances_csv": "/Users/chasesiegel/Desktop/Comp_Sci/Capstone/Dynasty/data/Training/_derived/RB/rb_shap_importances_seed21_subs40.csv",
    "shap_importances_split_csv": "/Users/chasesiegel/Desktop/Comp_Sci/Capstone/Dynasty/data/Training/_derived/RB/rb_shap_importances_split_seed21_subs40.csv"
  },
  "timestamp": "2025-12-10T00:28:01.968318",
  "runtime_sec": 196.2327369172126
}