{
  "position": "RB",
  "seed": 56,
  "n_subsets": 40,
  "max_base_feats": 15,
  "n_iter_per_model": 15,
  "best_model_tag": "GB",
  "best_hyperparams": {
    "subsample": 0.9,
    "n_estimators": 200,
    "min_samples_leaf": 5,
    "max_depth": 7,
    "learning_rate": 0.15
  },
  "performance": {
    "test_r2": 0.6283113772217785,
    "test_mae": 35.605378489064634,
    "test_rmse": 44.46685343482406,
    "cv_r2_mean": 0.47273717135572163,
    "max_prediction_raw": -10.966725078460653,
    "min_prediction_raw": -263.67356690108863
  },
  "features": {
    "n_features": 10,
    "feature_names": [
      "DOM+",
      "RDOM+",
      "Draft Capital",
      "ELU",
      "Y/RR",
      "10+",
      "YCO/A",
      "Breakout Age",
      "FUM",
      "SpeedxBMI"
    ],
    "feature_kinds": {
      "DOM+": "base",
      "RDOM+": "base",
      "Draft Capital": "base",
      "ELU": "base",
      "Y/RR": "base",
      "10+": "base",
      "YCO/A": "base",
      "Breakout Age": "base",
      "FUM": "base",
      "SpeedxBMI": "interaction"
    },
    "best_bases": [
      "DOM+",
      "RDOM+",
      "Draft Capital",
      "ELU",
      "Y/RR",
      "10+",
      "YCO/A",
      "Breakout Age",
      "FUM"
    ],
    "best_interactions": [
      "SpeedxBMI"
    ]
  },
  "shap_analysis": {
    "feature_importances": {
      "DOM+": 6.012806877915231,
      "RDOM+": 8.20185047536861,
      "Draft Capital": 51.647793887750645,
      "ELU": 3.9934590687535305,
      "Y/RR": 3.069271676278389,
      "10+": 2.3789034915483254,
      "YCO/A": 13.672567826800895,
      "Breakout Age": 8.726784883150101,
      "FUM": 5.173822175229744,
      "SpeedxBMI": 3.230538817706443
    },
    "base_features_importance": {
      "DOM+": 6.012806877915231,
      "RDOM+": 8.20185047536861,
      "Draft Capital": 51.647793887750645,
      "ELU": 3.9934590687535305,
      "Y/RR": 3.069271676278389,
      "10+": 2.3789034915483254,
      "YCO/A": 13.672567826800895,
      "Breakout Age": 8.726784883150101,
      "FUM": 5.173822175229744
    },
    "interaction_features_importance": {
      "SpeedxBMI": 3.230538817706443
    },
    "top_5_features": [
      [
        "Draft Capital",
        51.647793887750645
      ],
      [
        "YCO/A",
        13.672567826800895
      ],
      [
        "Breakout Age",
        8.726784883150101
      ],
      [
        "RDOM+",
        8.20185047536861
      ],
      [
        "DOM+",
        6.012806877915231
      ]
    ],
    "base_importance_sum": 102.87726036279548,
    "interaction_importance_sum": 3.230538817706443,
    "shap_base_value": -134.83122679662284
  },
  "data_info": {
    "train_samples": 169,
    "test_samples": 43,
    "cv_folds_used": 15,
    "total_samples": 212
  },
  "training_config": {
    "max_base_feats": 15,
    "max_interactions": 3,
    "n_iter_per_model": 15,
    "test_size": 0.2,
    "interaction_hierarchy": "none",
    "draft_cap_cap": 0.3,
    "shap_enabled": true
  },
  "file_paths": {
    "model_pickle": "/Users/chasesiegel/Desktop/Comp_Sci/Capstone/Dynasty/data/Training/_derived/RB/rb_model_seed56_subs40_base15_iter15.pkl",
    "predictions_csv": "/Users/chasesiegel/Desktop/Comp_Sci/Capstone/Dynasty/data/Training/_derived/RB/rb_wide_best_preds_seed56_subs40_base15_iter15.csv",
    "leaderboard_csv": "/Users/chasesiegel/Desktop/Comp_Sci/Capstone/Dynasty/data/Training/_derived/RB/rb_wide_leaderboard_seed56_subs40_base15_iter15.csv",
    "shap_contribs_csv": "/Users/chasesiegel/Desktop/Comp_Sci/Capstone/Dynasty/data/Training/_derived/RB/rb_shap_contribs_seed56_subs40_base15_iter15.csv",
    "tree_importances_csv": "/Users/chasesiegel/Desktop/Comp_Sci/Capstone/Dynasty/data/Training/_derived/RB/rb_tree_importances_seed56_subs40.csv",
    "tree_importances_split_csv": "/Users/chasesiegel/Desktop/Comp_Sci/Capstone/Dynasty/data/Training/_derived/RB/rb_tree_importances_split_seed56_subs40.csv",
    "shap_importances_csv": "/Users/chasesiegel/Desktop/Comp_Sci/Capstone/Dynasty/data/Training/_derived/RB/rb_shap_importances_seed56_subs40.csv",
    "shap_importances_split_csv": "/Users/chasesiegel/Desktop/Comp_Sci/Capstone/Dynasty/data/Training/_derived/RB/rb_shap_importances_split_seed56_subs40.csv"
  },
  "timestamp": "2025-12-10T00:35:37.164614",
  "runtime_sec": 231.37831349950284
}