kind,shap_mean_abs
base,70.81594315688028
interaction,7.97397670556749
