kind,shap_mean_abs
base,60.38725298287535
interaction,9.03731393699977
