kind,shap_mean_abs
base,77.47290130591985
interaction,9.903897488304663
