kind,shap_mean_abs
base,56.565436248464465
interaction,8.291003215565532
