kind,tree_feature_importance
base,0.4431203363951576
interaction,0.03140496895941624
