kind,tree_feature_importance
base,0.4544396457768053
interaction,0.027562053198438012
