kind,tree_feature_importance
base,0.4341152408984612
interaction,0.05920152915309842
