kind,tree_feature_importance
base,0.4492603181499042
interaction,0.02738546055708198
