{
  "position": "WR",
  "seed": 21,
  "n_subsets": 40,
  "max_base_feats": 15,
  "n_iter_per_model": 50,
  "best_model_tag": "GB",
  "best_hyperparams": {
    "subsample": 0.8,
    "n_estimators": 200,
    "min_samples_leaf": 3,
    "max_depth": 2,
    "learning_rate": 0.05
  },
  "performance": {
    "test_r2": 0.7173480276497098,
    "test_mae": 58.7311283144464,
    "test_rmse": 76.07554532802477,
    "cv_r2_mean": 0.7046224823508614,
    "max_prediction_raw": 6.043849980485541,
    "min_prediction_raw": -483.9554952096457
  },
  "features": {
    "n_features": 15,
    "feature_names": [
      "DOM+",
      "Draft Capital",
      "Breakout Age",
      "YAC/R",
      "Drop%",
      "ELU",
      "REC%",
      "Y/REC",
      "Wide%",
      "Slot%",
      "FUM",
      "CC%",
      "MTF",
      "aDOT",
      "SpeedxBMI"
    ],
    "feature_kinds": {
      "DOM+": "base",
      "Draft Capital": "base",
      "Breakout Age": "base",
      "YAC/R": "base",
      "Drop%": "base",
      "ELU": "base",
      "REC%": "base",
      "Y/REC": "base",
      "Wide%": "base",
      "Slot%": "base",
      "FUM": "base",
      "CC%": "base",
      "MTF": "base",
      "aDOT": "base",
      "SpeedxBMI": "interaction"
    },
    "best_bases": [
      "DOM+",
      "Draft Capital",
      "Breakout Age",
      "YAC/R",
      "Drop%",
      "ELU",
      "REC%",
      "Y/REC",
      "Wide%",
      "Slot%",
      "FUM",
      "CC%",
      "MTF",
      "aDOT"
    ],
    "best_interactions": [
      "SpeedxBMI"
    ]
  },
  "shap_analysis": {
    "feature_importances": {
      "DOM+": 33.79002442936634,
      "Draft Capital": 79.64674054588625,
      "Breakout Age": 17.284779238342214,
      "YAC/R": 6.836009407149628,
      "Drop%": 4.261734376928611,
      "ELU": 2.540748847920428,
      "REC%": 10.164750180665134,
      "Y/REC": 6.985818750873617,
      "Wide%": 0.45613377070966543,
      "Slot%": 2.1625753183566383,
      "FUM": 0.2694857419870457,
      "CC%": 1.3868257927968903,
      "MTF": 2.5162004505539786,
      "aDOT": 1.1617152394610513,
      "SpeedxBMI": 9.072588363456228
    },
    "base_features_importance": {
      "DOM+": 33.79002442936634,
      "Draft Capital": 79.64674054588625,
      "Breakout Age": 17.284779238342214,
      "YAC/R": 6.836009407149628,
      "Drop%": 4.261734376928611,
      "ELU": 2.540748847920428,
      "REC%": 10.164750180665134,
      "Y/REC": 6.985818750873617,
      "Wide%": 0.45613377070966543,
      "Slot%": 2.1625753183566383,
      "FUM": 0.2694857419870457,
      "CC%": 1.3868257927968903,
      "MTF": 2.5162004505539786,
      "aDOT": 1.1617152394610513
    },
    "interaction_features_importance": {
      "SpeedxBMI": 9.072588363456228
    },
    "top_5_features": [
      [
        "Draft Capital",
        79.64674054588625
      ],
      [
        "DOM+",
        33.79002442936634
      ],
      [
        "Breakout Age",
        17.284779238342214
      ],
      [
        "REC%",
        10.164750180665134
      ],
      [
        "SpeedxBMI",
        9.072588363456228
      ]
    ],
    "base_importance_sum": 169.46354209099746,
    "interaction_importance_sum": 9.072588363456228,
    "shap_base_value": -206.29612389687645
  },
  "data_info": {
    "train_samples": 265,
    "test_samples": 67,
    "cv_folds_used": 15,
    "total_samples": 332
  },
  "training_config": {
    "max_base_feats": 15,
    "max_interactions": 3,
    "n_iter_per_model": 50,
    "test_size": 0.2,
    "interaction_hierarchy": "none",
    "draft_cap_cap": 0.3,
    "shap_enabled": true
  },
  "file_paths": {
    "model_pickle": "/Users/chasesiegel/Desktop/Comp_Sci/Capstone/Dynasty/data/Bakery/_derived/WR/wr_model_seed21_subs40_base15_iter50.pkl",
    "predictions_csv": "/Users/chasesiegel/Desktop/Comp_Sci/Capstone/Dynasty/data/Bakery/_derived/WR/wr_wide_best_preds_seed21_subs40_base15_iter50.csv",
    "leaderboard_csv": "/Users/chasesiegel/Desktop/Comp_Sci/Capstone/Dynasty/data/Bakery/_derived/WR/wr_wide_leaderboard_seed21_subs40_base15_iter50.csv",
    "shap_contribs_csv": "/Users/chasesiegel/Desktop/Comp_Sci/Capstone/Dynasty/data/Bakery/_derived/WR/wr_shap_contribs_seed21_subs40_base15_iter50.csv",
    "tree_importances_csv": "/Users/chasesiegel/Desktop/Comp_Sci/Capstone/Dynasty/data/Bakery/_derived/WR/wr_tree_importances_seed21_subs40.csv",
    "tree_importances_split_csv": "/Users/chasesiegel/Desktop/Comp_Sci/Capstone/Dynasty/data/Bakery/_derived/WR/wr_tree_importances_split_seed21_subs40.csv",
    "shap_importances_csv": "/Users/chasesiegel/Desktop/Comp_Sci/Capstone/Dynasty/data/Bakery/_derived/WR/wr_shap_importances_seed21_subs40.csv",
    "shap_importances_split_csv": "/Users/chasesiegel/Desktop/Comp_Sci/Capstone/Dynasty/data/Bakery/_derived/WR/wr_shap_importances_split_seed21_subs40.csv"
  },
  "timestamp": "2025-12-09T17:51:55.829290",
  "runtime_sec": 4713.320928125642
}