{
  "position": "WR",
  "seed": 56,
  "n_subsets": 40,
  "max_base_feats": 15,
  "n_iter_per_model": 50,
  "best_model_tag": "GB",
  "best_hyperparams": {
    "subsample": 0.8,
    "n_estimators": 200,
    "min_samples_leaf": 5,
    "max_depth": 2,
    "learning_rate": 0.1
  },
  "performance": {
    "test_r2": 0.7706398571069168,
    "test_mae": 52.42642757738651,
    "test_rmse": 71.62855202424292,
    "cv_r2_mean": 0.7048744066158243,
    "max_prediction_raw": 2.973066396136568,
    "min_prediction_raw": -550.9129767018782
  },
  "features": {
    "n_features": 10,
    "feature_names": [
      "DOM+",
      "Draft Capital",
      "MTF",
      "Y/RR",
      "Y/REC",
      "REC%",
      "aDOT",
      "Breakout Age",
      "Drop%",
      "SpeedxBMI"
    ],
    "feature_kinds": {
      "DOM+": "base",
      "Draft Capital": "base",
      "MTF": "base",
      "Y/RR": "base",
      "Y/REC": "base",
      "REC%": "base",
      "aDOT": "base",
      "Breakout Age": "base",
      "Drop%": "base",
      "SpeedxBMI": "interaction"
    },
    "best_bases": [
      "DOM+",
      "Draft Capital",
      "MTF",
      "Y/RR",
      "Y/REC",
      "REC%",
      "aDOT",
      "Breakout Age",
      "Drop%"
    ],
    "best_interactions": [
      "SpeedxBMI"
    ]
  },
  "shap_analysis": {
    "feature_importances": {
      "DOM+": 25.527735677892945,
      "Draft Capital": 84.06249977712953,
      "MTF": 6.55897672193067,
      "Y/RR": 18.90056703898203,
      "Y/REC": 6.873387875683461,
      "REC%": 10.136737683061417,
      "aDOT": 4.144185652711853,
      "Breakout Age": 15.86484620807275,
      "Drop%": 5.131310655657478,
      "SpeedxBMI": 9.903897488304663
    },
    "base_features_importance": {
      "DOM+": 25.527735677892945,
      "Draft Capital": 84.06249977712953,
      "MTF": 6.55897672193067,
      "Y/RR": 18.90056703898203,
      "Y/REC": 6.873387875683461,
      "REC%": 10.136737683061417,
      "aDOT": 4.144185652711853,
      "Breakout Age": 15.86484620807275,
      "Drop%": 5.131310655657478
    },
    "interaction_features_importance": {
      "SpeedxBMI": 9.903897488304663
    },
    "top_5_features": [
      [
        "Draft Capital",
        84.06249977712953
      ],
      [
        "DOM+",
        25.527735677892945
      ],
      [
        "Y/RR",
        18.90056703898203
      ],
      [
        "Breakout Age",
        15.86484620807275
      ],
      [
        "REC%",
        10.136737683061417
      ]
    ],
    "base_importance_sum": 177.20024729112214,
    "interaction_importance_sum": 9.903897488304663,
    "shap_base_value": -213.92916812413915
  },
  "data_info": {
    "train_samples": 265,
    "test_samples": 67,
    "cv_folds_used": 15,
    "total_samples": 332
  },
  "training_config": {
    "max_base_feats": 15,
    "max_interactions": 3,
    "n_iter_per_model": 50,
    "test_size": 0.2,
    "interaction_hierarchy": "none",
    "draft_cap_cap": 0.3,
    "shap_enabled": true
  },
  "file_paths": {
    "model_pickle": "/Users/chasesiegel/Desktop/Comp_Sci/Capstone/Dynasty/data/Bakery/_derived/WR/wr_model_seed56_subs40_base15_iter50.pkl",
    "predictions_csv": "/Users/chasesiegel/Desktop/Comp_Sci/Capstone/Dynasty/data/Bakery/_derived/WR/wr_wide_best_preds_seed56_subs40_base15_iter50.csv",
    "leaderboard_csv": "/Users/chasesiegel/Desktop/Comp_Sci/Capstone/Dynasty/data/Bakery/_derived/WR/wr_wide_leaderboard_seed56_subs40_base15_iter50.csv",
    "shap_contribs_csv": "/Users/chasesiegel/Desktop/Comp_Sci/Capstone/Dynasty/data/Bakery/_derived/WR/wr_shap_contribs_seed56_subs40_base15_iter50.csv",
    "tree_importances_csv": "/Users/chasesiegel/Desktop/Comp_Sci/Capstone/Dynasty/data/Bakery/_derived/WR/wr_tree_importances_seed56_subs40.csv",
    "tree_importances_split_csv": "/Users/chasesiegel/Desktop/Comp_Sci/Capstone/Dynasty/data/Bakery/_derived/WR/wr_tree_importances_split_seed56_subs40.csv",
    "shap_importances_csv": "/Users/chasesiegel/Desktop/Comp_Sci/Capstone/Dynasty/data/Bakery/_derived/WR/wr_shap_importances_seed56_subs40.csv",
    "shap_importances_split_csv": "/Users/chasesiegel/Desktop/Comp_Sci/Capstone/Dynasty/data/Bakery/_derived/WR/wr_shap_importances_split_seed56_subs40.csv"
  },
  "timestamp": "2025-12-09T18:35:43.790160",
  "runtime_sec": 1413.9329395405948
}