{
  "position": "WR",
  "seed": 21,
  "n_subsets": 20,
  "max_base_feats": 15,
  "n_iter_per_model": 50,
  "best_model_tag": "GB",
  "best_hyperparams": {
    "subsample": 0.8,
    "n_estimators": 200,
    "min_samples_leaf": 3,
    "max_depth": 2,
    "learning_rate": 0.05
  },
  "performance": {
    "test_r2": 0.7116871363560828,
    "test_mae": 59.40740313758394,
    "test_rmse": 76.83358081410876,
    "cv_r2_mean": 0.705961897442616,
    "max_prediction_raw": 9.84327375054867,
    "min_prediction_raw": -481.8613740476788
  },
  "features": {
    "n_features": 11,
    "feature_names": [
      "DOM+",
      "Draft Capital",
      "ELU",
      "Slot%",
      "YAC/R",
      "Y/REC",
      "Drop%",
      "Wide%",
      "Breakout Age",
      "REC%",
      "SpeedxBMI"
    ],
    "feature_kinds": {
      "DOM+": "base",
      "Draft Capital": "base",
      "ELU": "base",
      "Slot%": "base",
      "YAC/R": "base",
      "Y/REC": "base",
      "Drop%": "base",
      "Wide%": "base",
      "Breakout Age": "base",
      "REC%": "base",
      "SpeedxBMI": "interaction"
    },
    "best_bases": [
      "DOM+",
      "Draft Capital",
      "ELU",
      "Slot%",
      "YAC/R",
      "Y/REC",
      "Drop%",
      "Wide%",
      "Breakout Age",
      "REC%"
    ],
    "best_interactions": [
      "SpeedxBMI"
    ]
  },
  "shap_analysis": {
    "feature_importances": {
      "DOM+": 33.8058878908312,
      "Draft Capital": 78.88543551464628,
      "ELU": 3.3171136946272544,
      "Slot%": 2.4142257731812973,
      "YAC/R": 7.75538148746007,
      "Y/REC": 6.50688028221588,
      "Drop%": 6.178610720909755,
      "Wide%": 1.0053001707559412,
      "Breakout Age": 18.089172674259146,
      "REC%": 10.831262447009145,
      "SpeedxBMI": 10.031463868367789
    },
    "base_features_importance": {
      "DOM+": 33.8058878908312,
      "Draft Capital": 78.88543551464628,
      "ELU": 3.3171136946272544,
      "Slot%": 2.4142257731812973,
      "YAC/R": 7.75538148746007,
      "Y/REC": 6.50688028221588,
      "Drop%": 6.178610720909755,
      "Wide%": 1.0053001707559412,
      "Breakout Age": 18.089172674259146,
      "REC%": 10.831262447009145
    },
    "interaction_features_importance": {
      "SpeedxBMI": 10.031463868367789
    },
    "top_5_features": [
      [
        "Draft Capital",
        78.88543551464628
      ],
      [
        "DOM+",
        33.8058878908312
      ],
      [
        "Breakout Age",
        18.089172674259146
      ],
      [
        "REC%",
        10.831262447009145
      ],
      [
        "SpeedxBMI",
        10.031463868367789
      ]
    ],
    "base_importance_sum": 168.78927065589596,
    "interaction_importance_sum": 10.031463868367789,
    "shap_base_value": -206.35059390747074
  },
  "data_info": {
    "train_samples": 265,
    "test_samples": 67,
    "cv_folds_used": 15,
    "total_samples": 332
  },
  "training_config": {
    "max_base_feats": 15,
    "max_interactions": 3,
    "n_iter_per_model": 50,
    "test_size": 0.2,
    "interaction_hierarchy": "none",
    "draft_cap_cap": 0.3,
    "shap_enabled": true
  },
  "file_paths": {
    "model_pickle": "/Users/chasesiegel/Desktop/Comp_Sci/Capstone/Dynasty/data/Bakery/_derived/WR/wr_model_seed21_subs20_base15_iter50.pkl",
    "predictions_csv": "/Users/chasesiegel/Desktop/Comp_Sci/Capstone/Dynasty/data/Bakery/_derived/WR/wr_wide_best_preds_seed21_subs20_base15_iter50.csv",
    "leaderboard_csv": "/Users/chasesiegel/Desktop/Comp_Sci/Capstone/Dynasty/data/Bakery/_derived/WR/wr_wide_leaderboard_seed21_subs20_base15_iter50.csv",
    "shap_contribs_csv": "/Users/chasesiegel/Desktop/Comp_Sci/Capstone/Dynasty/data/Bakery/_derived/WR/wr_shap_contribs_seed21_subs20_base15_iter50.csv",
    "tree_importances_csv": "/Users/chasesiegel/Desktop/Comp_Sci/Capstone/Dynasty/data/Bakery/_derived/WR/wr_tree_importances_seed21_subs20.csv",
    "tree_importances_split_csv": "/Users/chasesiegel/Desktop/Comp_Sci/Capstone/Dynasty/data/Bakery/_derived/WR/wr_tree_importances_split_seed21_subs20.csv",
    "shap_importances_csv": "/Users/chasesiegel/Desktop/Comp_Sci/Capstone/Dynasty/data/Bakery/_derived/WR/wr_shap_importances_seed21_subs20.csv",
    "shap_importances_split_csv": "/Users/chasesiegel/Desktop/Comp_Sci/Capstone/Dynasty/data/Bakery/_derived/WR/wr_shap_importances_split_seed21_subs20.csv"
  },
  "timestamp": "2025-12-09T15:12:10.741663",
  "runtime_sec": 680.155061124824
}