kind,shap_mean_abs
base,56.2885443771259
interaction,4.1806925247119375
