kind,shap_mean_abs
base,34.74570526123374
interaction,2.4748311916994394
