kind,shap_mean_abs
base,59.45735355496166
interaction,4.1323325980287375
