kind,shap_mean_abs
base,38.94025065213288
interaction,6.808392349729382
