kind,shap_mean_abs
base,50.19549573742867
interaction,5.350076204333741
