kind,tree_feature_importance
base,0.49393740728288177
interaction,0.027538554902741978
