kind,tree_feature_importance
base,0.45108702444518267
interaction,0.04511755037771201
