kind,tree_feature_importance
base,0.43322302130810253
interaction,0.0719279138844844
