kind,tree_feature_importance
base,0.5037224867481933
interaction,0.023179189678003864
