kind,tree_feature_importance
base,0.42421027900095154
interaction,0.02468216445733456
