{
  "position": "RB",
  "seed": 56,
  "n_subsets": 40,
  "max_base_feats": 15,
  "n_iter_per_model": 100,
  "best_model_tag": "GB",
  "best_hyperparams": {
    "subsample": 1.0,
    "n_estimators": 200,
    "min_samples_leaf": 1,
    "max_depth": 2,
    "learning_rate": 0.05
  },
  "performance": {
    "test_r2": 0.6087304524376288,
    "test_mae": 36.392822866138836,
    "test_rmse": 45.62309976692205,
    "cv_r2_mean": 0.4705699583798842,
    "max_prediction_raw": 19.169836020602965,
    "min_prediction_raw": -256.0997162871449
  },
  "features": {
    "n_features": 8,
    "feature_names": [
      "DOM+",
      "RDOM+",
      "Draft Capital",
      "ELU",
      "FUM",
      "Breakout Age",
      "Break%",
      "SpeedxBMI"
    ],
    "feature_kinds": {
      "DOM+": "base",
      "RDOM+": "base",
      "Draft Capital": "base",
      "ELU": "base",
      "FUM": "base",
      "Breakout Age": "base",
      "Break%": "base",
      "SpeedxBMI": "interaction"
    },
    "best_bases": [
      "DOM+",
      "RDOM+",
      "Draft Capital",
      "ELU",
      "FUM",
      "Breakout Age",
      "Break%"
    ],
    "best_interactions": [
      "SpeedxBMI"
    ]
  },
  "shap_analysis": {
    "feature_importances": {
      "DOM+": 6.458109192966603,
      "RDOM+": 7.5735465391707795,
      "Draft Capital": 49.73881611858764,
      "ELU": 10.274950630497688,
      "FUM": 7.101541732412711,
      "Breakout Age": 13.926768541982842,
      "Break%": 3.1375571661859585,
      "SpeedxBMI": 2.4748311916994394
    },
    "base_features_importance": {
      "DOM+": 6.458109192966603,
      "RDOM+": 7.5735465391707795,
      "Draft Capital": 49.73881611858764,
      "ELU": 10.274950630497688,
      "FUM": 7.101541732412711,
      "Breakout Age": 13.926768541982842,
      "Break%": 3.1375571661859585
    },
    "interaction_features_importance": {
      "SpeedxBMI": 2.4748311916994394
    },
    "top_5_features": [
      [
        "Draft Capital",
        49.73881611858764
      ],
      [
        "Breakout Age",
        13.926768541982842
      ],
      [
        "ELU",
        10.274950630497688
      ],
      [
        "RDOM+",
        7.5735465391707795
      ],
      [
        "FUM",
        7.101541732412711
      ]
    ],
    "base_importance_sum": 98.21128992180422,
    "interaction_importance_sum": 2.4748311916994394,
    "shap_base_value": -135.01775147928987
  },
  "data_info": {
    "train_samples": 169,
    "test_samples": 43,
    "cv_folds_used": 15,
    "total_samples": 212
  },
  "training_config": {
    "max_base_feats": 15,
    "max_interactions": 3,
    "n_iter_per_model": 100,
    "test_size": 0.2,
    "interaction_hierarchy": "none",
    "draft_cap_cap": 0.3,
    "shap_enabled": true
  },
  "file_paths": {
    "model_pickle": "/Users/chasesiegel/Desktop/Comp_Sci/Capstone/Dynasty/data/Bakery/_derived/RB/rb_model_seed56_subs40_base15_iter100.pkl",
    "predictions_csv": "/Users/chasesiegel/Desktop/Comp_Sci/Capstone/Dynasty/data/Bakery/_derived/RB/rb_wide_best_preds_seed56_subs40_base15_iter100.csv",
    "leaderboard_csv": "/Users/chasesiegel/Desktop/Comp_Sci/Capstone/Dynasty/data/Bakery/_derived/RB/rb_wide_leaderboard_seed56_subs40_base15_iter100.csv",
    "shap_contribs_csv": "/Users/chasesiegel/Desktop/Comp_Sci/Capstone/Dynasty/data/Bakery/_derived/RB/rb_shap_contribs_seed56_subs40_base15_iter100.csv",
    "tree_importances_csv": "/Users/chasesiegel/Desktop/Comp_Sci/Capstone/Dynasty/data/Bakery/_derived/RB/rb_tree_importances_seed56_subs40.csv",
    "tree_importances_split_csv": "/Users/chasesiegel/Desktop/Comp_Sci/Capstone/Dynasty/data/Bakery/_derived/RB/rb_tree_importances_split_seed56_subs40.csv",
    "shap_importances_csv": "/Users/chasesiegel/Desktop/Comp_Sci/Capstone/Dynasty/data/Bakery/_derived/RB/rb_shap_importances_seed56_subs40.csv",
    "shap_importances_split_csv": "/Users/chasesiegel/Desktop/Comp_Sci/Capstone/Dynasty/data/Bakery/_derived/RB/rb_shap_importances_split_seed56_subs40.csv"
  },
  "timestamp": "2025-12-09T15:00:50.460935",
  "runtime_sec": 1813.265748333186
}