{
  "position": "RB",
  "seed": 34,
  "n_subsets": 20,
  "max_base_feats": 15,
  "n_iter_per_model": 100,
  "best_model_tag": "GB",
  "best_hyperparams": {
    "subsample": 0.8,
    "n_estimators": 200,
    "min_samples_leaf": 5,
    "max_depth": 3,
    "learning_rate": 0.05
  },
  "performance": {
    "test_r2": 0.4675083919878056,
    "test_mae": 42.82490096506158,
    "test_rmse": 54.92089680028867,
    "cv_r2_mean": 0.5958004208628903,
    "max_prediction_raw": -16.18780062169755,
    "min_prediction_raw": -243.402645926593
  },
  "features": {
    "n_features": 7,
    "feature_names": [
      "DOM+",
      "RDOM+",
      "Draft Capital",
      "ELU",
      "YCO/A",
      "MTF",
      "SpeedxBMI"
    ],
    "feature_kinds": {
      "DOM+": "base",
      "RDOM+": "base",
      "Draft Capital": "base",
      "ELU": "base",
      "YCO/A": "base",
      "MTF": "base",
      "SpeedxBMI": "interaction"
    },
    "best_bases": [
      "DOM+",
      "RDOM+",
      "Draft Capital",
      "ELU",
      "YCO/A",
      "MTF"
    ],
    "best_interactions": [
      "SpeedxBMI"
    ]
  },
  "shap_analysis": {
    "feature_importances": {
      "DOM+": 5.536912402174221,
      "RDOM+": 5.5579313762238,
      "Draft Capital": 37.92031243051344,
      "ELU": 5.689645326534231,
      "YCO/A": 11.050166213429078,
      "MTF": 11.005595333771554,
      "SpeedxBMI": 6.808392349729382
    },
    "base_features_importance": {
      "DOM+": 5.536912402174221,
      "RDOM+": 5.5579313762238,
      "Draft Capital": 37.92031243051344,
      "ELU": 5.689645326534231,
      "YCO/A": 11.050166213429078,
      "MTF": 11.005595333771554
    },
    "interaction_features_importance": {
      "SpeedxBMI": 6.808392349729382
    },
    "top_5_features": [
      [
        "Draft Capital",
        37.92031243051344
      ],
      [
        "YCO/A",
        11.050166213429078
      ],
      [
        "MTF",
        11.005595333771554
      ],
      [
        "SpeedxBMI",
        6.808392349729382
      ],
      [
        "ELU",
        5.689645326534231
      ]
    ],
    "base_importance_sum": 76.76056308264633,
    "interaction_importance_sum": 6.808392349729382,
    "shap_base_value": -130.29110980796244
  },
  "data_info": {
    "train_samples": 169,
    "test_samples": 43,
    "cv_folds_used": 15,
    "total_samples": 212
  },
  "training_config": {
    "max_base_feats": 15,
    "max_interactions": 3,
    "n_iter_per_model": 100,
    "test_size": 0.2,
    "interaction_hierarchy": "none",
    "draft_cap_cap": 0.3,
    "shap_enabled": true
  },
  "file_paths": {
    "model_pickle": "/Users/chasesiegel/Desktop/Comp_Sci/Capstone/Dynasty/data/Bakery/_derived/RB/rb_model_seed34_subs20_base15_iter100.pkl",
    "predictions_csv": "/Users/chasesiegel/Desktop/Comp_Sci/Capstone/Dynasty/data/Bakery/_derived/RB/rb_wide_best_preds_seed34_subs20_base15_iter100.csv",
    "leaderboard_csv": "/Users/chasesiegel/Desktop/Comp_Sci/Capstone/Dynasty/data/Bakery/_derived/RB/rb_wide_leaderboard_seed34_subs20_base15_iter100.csv",
    "shap_contribs_csv": "/Users/chasesiegel/Desktop/Comp_Sci/Capstone/Dynasty/data/Bakery/_derived/RB/rb_shap_contribs_seed34_subs20_base15_iter100.csv",
    "tree_importances_csv": "/Users/chasesiegel/Desktop/Comp_Sci/Capstone/Dynasty/data/Bakery/_derived/RB/rb_tree_importances_seed34_subs20.csv",
    "tree_importances_split_csv": "/Users/chasesiegel/Desktop/Comp_Sci/Capstone/Dynasty/data/Bakery/_derived/RB/rb_tree_importances_split_seed34_subs20.csv",
    "shap_importances_csv": "/Users/chasesiegel/Desktop/Comp_Sci/Capstone/Dynasty/data/Bakery/_derived/RB/rb_shap_importances_seed34_subs20.csv",
    "shap_importances_split_csv": "/Users/chasesiegel/Desktop/Comp_Sci/Capstone/Dynasty/data/Bakery/_derived/RB/rb_shap_importances_split_seed34_subs20.csv"
  },
  "timestamp": "2025-12-09T12:12:05.229579",
  "runtime_sec": 706.0855523329228
}