{
  "position": "RB",
  "seed": 21,
  "n_subsets": 20,
  "max_base_feats": 15,
  "n_iter_per_model": 50,
  "best_model_tag": "GB",
  "best_hyperparams": {
    "subsample": 0.8,
    "n_estimators": 200,
    "min_samples_leaf": 3,
    "max_depth": 2,
    "learning_rate": 0.05
  },
  "performance": {
    "test_r2": 0.610112761374338,
    "test_mae": 43.563563370092865,
    "test_rmse": 54.54899868993925,
    "cv_r2_mean": 0.5709442295192547,
    "max_prediction_raw": -13.069442028752972,
    "min_prediction_raw": -251.2024938526702
  },
  "features": {
    "n_features": 6,
    "feature_names": [
      "DOM+",
      "RDOM+",
      "Draft Capital",
      "ELU",
      "YCO/A",
      "SpeedxBMI"
    ],
    "feature_kinds": {
      "DOM+": "base",
      "RDOM+": "base",
      "Draft Capital": "base",
      "ELU": "base",
      "YCO/A": "base",
      "SpeedxBMI": "interaction"
    },
    "best_bases": [
      "DOM+",
      "RDOM+",
      "Draft Capital",
      "ELU",
      "YCO/A"
    ],
    "best_interactions": [
      "SpeedxBMI"
    ]
  },
  "shap_analysis": {
    "feature_importances": {
      "DOM+": 8.1454215498466,
      "RDOM+": 14.255020867230174,
      "Draft Capital": 42.13262208764129,
      "ELU": 9.851105939218352,
      "YCO/A": 14.203377345752425,
      "SpeedxBMI": 4.795372881551961
    },
    "base_features_importance": {
      "DOM+": 8.1454215498466,
      "RDOM+": 14.255020867230174,
      "Draft Capital": 42.13262208764129,
      "ELU": 9.851105939218352,
      "YCO/A": 14.203377345752425
    },
    "interaction_features_importance": {
      "SpeedxBMI": 4.795372881551961
    },
    "top_5_features": [
      [
        "Draft Capital",
        42.13262208764129
      ],
      [
        "RDOM+",
        14.255020867230174
      ],
      [
        "YCO/A",
        14.203377345752425
      ],
      [
        "ELU",
        9.851105939218352
      ],
      [
        "DOM+",
        8.1454215498466
      ]
    ],
    "base_importance_sum": 88.58754778968884,
    "interaction_importance_sum": 4.795372881551961,
    "shap_base_value": -129.12764936790407
  },
  "data_info": {
    "train_samples": 169,
    "test_samples": 43,
    "cv_folds_used": 15,
    "total_samples": 212
  },
  "training_config": {
    "max_base_feats": 15,
    "max_interactions": 3,
    "n_iter_per_model": 50,
    "test_size": 0.2,
    "interaction_hierarchy": "none",
    "draft_cap_cap": 0.3,
    "shap_enabled": true
  },
  "file_paths": {
    "model_pickle": "/Users/chasesiegel/Desktop/Comp_Sci/Capstone/Dynasty/data/Bakery/_derived/RB/rb_model_seed21_subs20_base15_iter50.pkl",
    "predictions_csv": "/Users/chasesiegel/Desktop/Comp_Sci/Capstone/Dynasty/data/Bakery/_derived/RB/rb_wide_best_preds_seed21_subs20_base15_iter50.csv",
    "leaderboard_csv": "/Users/chasesiegel/Desktop/Comp_Sci/Capstone/Dynasty/data/Bakery/_derived/RB/rb_wide_leaderboard_seed21_subs20_base15_iter50.csv",
    "shap_contribs_csv": "/Users/chasesiegel/Desktop/Comp_Sci/Capstone/Dynasty/data/Bakery/_derived/RB/rb_shap_contribs_seed21_subs20_base15_iter50.csv",
    "tree_importances_csv": "/Users/chasesiegel/Desktop/Comp_Sci/Capstone/Dynasty/data/Bakery/_derived/RB/rb_tree_importances_seed21_subs20.csv",
    "tree_importances_split_csv": "/Users/chasesiegel/Desktop/Comp_Sci/Capstone/Dynasty/data/Bakery/_derived/RB/rb_tree_importances_split_seed21_subs20.csv",
    "shap_importances_csv": "/Users/chasesiegel/Desktop/Comp_Sci/Capstone/Dynasty/data/Bakery/_derived/RB/rb_shap_importances_seed21_subs20.csv",
    "shap_importances_split_csv": "/Users/chasesiegel/Desktop/Comp_Sci/Capstone/Dynasty/data/Bakery/_derived/RB/rb_shap_importances_split_seed21_subs20.csv"
  },
  "timestamp": "2025-12-09T11:35:08.764454",
  "runtime_sec": 375.76276541594416
}