kind,mean_abs_shap
base,2.707475998066042
interaction,0.4119910235342275
