kind,mean_abs_shap
base,2.689489857350681
interaction,0.3862914938232172
