kind,mean_abs_shap
base,2.7214360449399004
interaction,0.38680600069213505
