kind,mean_abs_shap
base,2.2049745757816046
interaction,0.6816597931046948
