feature,mean_abs_shap,kind
DOM+,1.130359775338572,base
Y/RR,0.9954229392074063,base
SpeedxBMI,0.6816597931046948,interaction
aDOT,0.07919186123562622,base
