kind,mean_abs_shap
base,2.149316810513157
interaction,0.700147618509916
