kind,mean_abs_shap
base,2.62991539444034
interaction,0.3986646064196449
