kind,tree_feature_importance
base,0.8434767825159377
interaction,0.10661810441434443
