kind,tree_feature_importance
base,0.857363686075378
interaction,0.09080081121968102
