feature,tree_feature_importance,kind
DOM+,0.4346123825244529,base
Y/RR,0.3514407361814211,base
SpeedxBMI,0.1569180779475497,interaction
aDOT,0.05702880334657634,base
