kind,tree_feature_importance
base,0.8764195672374373
interaction,0.11632779492090939
