kind,tree_feature_importance
base,0.8233270934237414
interaction,0.17667290657625867
