kind,tree_feature_importance
base,0.8495828741096586
interaction,0.10158208827921811
