kind,tree_feature_importance
base,0.8430819220524504
interaction,0.1569180779475497
