kind,tree_feature_importance
base,0.4482720775924379
interaction,0.008009924621942282
