kind,tree_feature_importance
base,0.47358528783311915
interaction,0.010816868754857246
