{
  "position": "QB",
  "seed": 21,
  "n_subsets": 40,
  "max_base_feats": 15,
  "n_iter_per_model": 15,
  "best_model_tag": "GB",
  "best_hyperparams": {
    "subsample": 0.8,
    "n_estimators": 600,
    "min_samples_leaf": 5,
    "max_depth": 7,
    "learning_rate": 0.1
  },
  "performance": {
    "test_r2": 0.7570431912670598,
    "test_mae": 19.873673079722558,
    "test_rmse": 27.23884473815154,
    "cv_r2_mean": 0.8253780440359982,
    "max_prediction_raw": -11.251709083685915,
    "min_prediction_raw": -136.03385116744886
  },
  "features": {
    "n_features": 12,
    "feature_names": [
      "PDOM+",
      "RDOM+",
      "Draft Capital",
      "Comp%",
      "YCO/A",
      "Breakout Age",
      "BMI",
      "TWP%",
      "Speed",
      "MTF",
      "BTT%",
      "aDOT"
    ],
    "feature_kinds": {
      "PDOM+": "base",
      "RDOM+": "base",
      "Draft Capital": "base",
      "Comp%": "base",
      "YCO/A": "base",
      "Breakout Age": "base",
      "BMI": "base",
      "TWP%": "base",
      "Speed": "base",
      "MTF": "base",
      "BTT%": "base",
      "aDOT": "base"
    },
    "best_bases": [
      "PDOM+",
      "RDOM+",
      "Draft Capital",
      "Comp%",
      "YCO/A",
      "Breakout Age",
      "BMI",
      "TWP%",
      "Speed",
      "MTF",
      "BTT%",
      "aDOT"
    ],
    "best_interactions": []
  },
  "shap_analysis": {
    "feature_importances": {
      "PDOM+": 1.4045806691382376,
      "RDOM+": 3.0689309908475058,
      "Draft Capital": 36.49593906619989,
      "Comp%": 6.8562030712731,
      "YCO/A": 4.1986411701148745,
      "Breakout Age": 4.087685450874251,
      "BMI": 2.795867036327539,
      "TWP%": 2.174877702409493,
      "Speed": 1.2206299262722553,
      "MTF": 2.1266801628067853,
      "BTT%": 4.896716246592253,
      "aDOT": 1.5362189285739678
    },
    "base_features_importance": {
      "PDOM+": 1.4045806691382376,
      "RDOM+": 3.0689309908475058,
      "Draft Capital": 36.49593906619989,
      "Comp%": 6.8562030712731,
      "YCO/A": 4.1986411701148745,
      "Breakout Age": 4.087685450874251,
      "BMI": 2.795867036327539,
      "TWP%": 2.174877702409493,
      "Speed": 1.2206299262722553,
      "MTF": 2.1266801628067853,
      "BTT%": 4.896716246592253,
      "aDOT": 1.5362189285739678
    },
    "interaction_features_importance": {},
    "top_5_features": [
      [
        "Draft Capital",
        36.49593906619989
      ],
      [
        "Comp%",
        6.8562030712731
      ],
      [
        "BTT%",
        4.896716246592253
      ],
      [
        "YCO/A",
        4.1986411701148745
      ],
      [
        "Breakout Age",
        4.087685450874251
      ]
    ],
    "base_importance_sum": 70.86297042143016,
    "interaction_importance_sum": 0.0,
    "shap_base_value": -77.9850960677702
  },
  "data_info": {
    "train_samples": 94,
    "test_samples": 24,
    "cv_folds_used": 5,
    "total_samples": 118
  },
  "training_config": {
    "max_base_feats": 15,
    "max_interactions": 3,
    "n_iter_per_model": 15,
    "test_size": 0.2,
    "interaction_hierarchy": "none",
    "draft_cap_cap": 0.1,
    "shap_enabled": true
  },
  "file_paths": {
    "model_pickle": "/Users/chasesiegel/Desktop/Comp_Sci/Capstone/Dynasty/data/Training/_derived/QB/qb_model_seed21_subs40_base15_iter15.pkl",
    "predictions_csv": "/Users/chasesiegel/Desktop/Comp_Sci/Capstone/Dynasty/data/Training/_derived/QB/qb_wide_best_preds_seed21_subs40_base15_iter15.csv",
    "leaderboard_csv": "/Users/chasesiegel/Desktop/Comp_Sci/Capstone/Dynasty/data/Training/_derived/QB/qb_wide_leaderboard_seed21_subs40_base15_iter15.csv",
    "shap_contribs_csv": "/Users/chasesiegel/Desktop/Comp_Sci/Capstone/Dynasty/data/Training/_derived/QB/qb_shap_contribs_seed21_subs40_base15_iter15.csv",
    "tree_importances_csv": "/Users/chasesiegel/Desktop/Comp_Sci/Capstone/Dynasty/data/Training/_derived/QB/qb_tree_importances_seed21_subs40.csv",
    "tree_importances_split_csv": "/Users/chasesiegel/Desktop/Comp_Sci/Capstone/Dynasty/data/Training/_derived/QB/qb_tree_importances_split_seed21_subs40.csv",
    "shap_importances_csv": "/Users/chasesiegel/Desktop/Comp_Sci/Capstone/Dynasty/data/Training/_derived/QB/qb_shap_importances_seed21_subs40.csv",
    "shap_importances_split_csv": "/Users/chasesiegel/Desktop/Comp_Sci/Capstone/Dynasty/data/Training/_derived/QB/qb_shap_importances_split_seed21_subs40.csv"
  },
  "timestamp": "2025-12-11T13:49:34.574356",
  "runtime_sec": 66.63660754077137
}