kind,shap_mean_abs
base,29.268714783500577
interaction,0.8953677407806743
