feature,shap_mean_abs,kind
BTT%,9.211475589987208,base
Comp%,9.144389368882923,base
RDOM+,5.427955696960517,base
PDOM+,2.2246221642094537,base
Draft Capital,0.1,base
