kind,shap_mean_abs
base,30.076330024218674
interaction,0.8046761732336893
