feature,tree_feature_importance,kind
Comp%,0.10097022089965707,base
Draft Capital,0.1,base
RDOM+,0.09858557575320652,base
BTT%,0.09574776667344209,base
PDOM+,0.03952573684796864,base
