{
  "position": "QB",
  "seed": 21,
  "n_subsets": 10,
  "max_base_feats": 15,
  "n_iter_per_model": 15,
  "best_model_tag": "GB",
  "best_hyperparams": {
    "subsample": 0.8,
    "n_estimators": 600,
    "min_samples_leaf": 5,
    "max_depth": 7,
    "learning_rate": 0.1
  },
  "performance": {
    "test_r2": 0.734616581360637,
    "test_mae": 21.13659027004157,
    "test_rmse": 28.468267575953107,
    "cv_r2_mean": 0.8430113056782194,
    "max_prediction_raw": -15.914056326061601,
    "min_prediction_raw": -135.5849290086652
  },
  "features": {
    "n_features": 16,
    "feature_names": [
      "PDOM+",
      "RDOM+",
      "Draft Capital",
      "Comp%",
      "BMI",
      "Y/RR",
      "BTT%",
      "MTF",
      "Speed",
      "ADJ%",
      "ATT",
      "YCO/A",
      "Breakout Age",
      "TWP%",
      "aDOT",
      "SpeedxBMI"
    ],
    "feature_kinds": {
      "PDOM+": "base",
      "RDOM+": "base",
      "Draft Capital": "base",
      "Comp%": "base",
      "BMI": "base",
      "Y/RR": "base",
      "BTT%": "base",
      "MTF": "base",
      "Speed": "base",
      "ADJ%": "base",
      "ATT": "base",
      "YCO/A": "base",
      "Breakout Age": "base",
      "TWP%": "base",
      "aDOT": "base",
      "SpeedxBMI": "interaction"
    },
    "best_bases": [
      "PDOM+",
      "RDOM+",
      "Draft Capital",
      "Comp%",
      "BMI",
      "Y/RR",
      "BTT%",
      "MTF",
      "Speed",
      "ADJ%",
      "ATT",
      "YCO/A",
      "Breakout Age",
      "TWP%",
      "aDOT"
    ],
    "best_interactions": [
      "SpeedxBMI"
    ]
  },
  "shap_analysis": {
    "feature_importances": {
      "PDOM+": 1.254670148611063,
      "RDOM+": 2.917226196454004,
      "Draft Capital": 35.96008126925407,
      "Comp%": 4.008059443665146,
      "BMI": 1.8859959407870626,
      "Y/RR": 0.08014883467399642,
      "BTT%": 4.588585915708319,
      "MTF": 2.0531150338246946,
      "Speed": 0.9028496367019319,
      "ADJ%": 2.7054814316362115,
      "ATT": 1.0597549096880983,
      "YCO/A": 4.080277364714035,
      "Breakout Age": 3.224125708091051,
      "TWP%": 1.6658275283623662,
      "aDOT": 1.8667223986736483,
      "SpeedxBMI": 0.8953677407806743
    },
    "base_features_importance": {
      "PDOM+": 1.254670148611063,
      "RDOM+": 2.917226196454004,
      "Draft Capital": 35.96008126925407,
      "Comp%": 4.008059443665146,
      "BMI": 1.8859959407870626,
      "Y/RR": 0.08014883467399642,
      "BTT%": 4.588585915708319,
      "MTF": 2.0531150338246946,
      "Speed": 0.9028496367019319,
      "ADJ%": 2.7054814316362115,
      "ATT": 1.0597549096880983,
      "YCO/A": 4.080277364714035,
      "Breakout Age": 3.224125708091051,
      "TWP%": 1.6658275283623662,
      "aDOT": 1.8667223986736483
    },
    "interaction_features_importance": {
      "SpeedxBMI": 0.8953677407806743
    },
    "top_5_features": [
      [
        "Draft Capital",
        35.96008126925407
      ],
      [
        "BTT%",
        4.588585915708319
      ],
      [
        "YCO/A",
        4.080277364714035
      ],
      [
        "Comp%",
        4.008059443665146
      ],
      [
        "Breakout Age",
        3.224125708091051
      ]
    ],
    "base_importance_sum": 68.2529217608457,
    "interaction_importance_sum": 0.8953677407806743,
    "shap_base_value": -77.87314782080965
  },
  "data_info": {
    "train_samples": 94,
    "test_samples": 24,
    "cv_folds_used": 5,
    "total_samples": 118
  },
  "training_config": {
    "max_base_feats": 15,
    "max_interactions": 3,
    "n_iter_per_model": 15,
    "test_size": 0.2,
    "interaction_hierarchy": "none",
    "draft_cap_cap": 0.3,
    "shap_enabled": true
  },
  "file_paths": {
    "model_pickle": "/Users/chasesiegel/Desktop/Comp_Sci/Capstone/Dynasty/data/Training/_derived/QB/qb_model_seed21_subs10_base15_iter15.pkl",
    "predictions_csv": "/Users/chasesiegel/Desktop/Comp_Sci/Capstone/Dynasty/data/Training/_derived/QB/qb_wide_best_preds_seed21_subs10_base15_iter15.csv",
    "leaderboard_csv": "/Users/chasesiegel/Desktop/Comp_Sci/Capstone/Dynasty/data/Training/_derived/QB/qb_wide_leaderboard_seed21_subs10_base15_iter15.csv",
    "shap_contribs_csv": "/Users/chasesiegel/Desktop/Comp_Sci/Capstone/Dynasty/data/Training/_derived/QB/qb_shap_contribs_seed21_subs10_base15_iter15.csv",
    "tree_importances_csv": "/Users/chasesiegel/Desktop/Comp_Sci/Capstone/Dynasty/data/Training/_derived/QB/qb_tree_importances_seed21_subs10.csv",
    "tree_importances_split_csv": "/Users/chasesiegel/Desktop/Comp_Sci/Capstone/Dynasty/data/Training/_derived/QB/qb_tree_importances_split_seed21_subs10.csv",
    "shap_importances_csv": "/Users/chasesiegel/Desktop/Comp_Sci/Capstone/Dynasty/data/Training/_derived/QB/qb_shap_importances_seed21_subs10.csv",
    "shap_importances_split_csv": "/Users/chasesiegel/Desktop/Comp_Sci/Capstone/Dynasty/data/Training/_derived/QB/qb_shap_importances_split_seed21_subs10.csv"
  },
  "timestamp": "2025-12-09T23:57:36.811658",
  "runtime_sec": 18.75706533435732
}