{
  "position": "QB",
  "seed": 56,
  "n_subsets": 10,
  "max_base_feats": 15,
  "n_iter_per_model": 15,
  "best_model_tag": "GB",
  "best_hyperparams": {
    "subsample": 0.9,
    "n_estimators": 200,
    "min_samples_leaf": 5,
    "max_depth": 7,
    "learning_rate": 0.15
  },
  "performance": {
    "test_r2": 0.8183382883879129,
    "test_mae": 14.918386022178673,
    "test_rmse": 20.213047314368403,
    "cv_r2_mean": 0.807501307358104,
    "max_prediction_raw": -0.07310583605805157,
    "min_prediction_raw": -170.89726453273187
  },
  "features": {
    "n_features": 15,
    "feature_names": [
      "PDOM+",
      "RDOM+",
      "Draft Capital",
      "Comp%",
      "ADJ%",
      "YCO/A",
      "BMI",
      "aDOT",
      "TWP%",
      "BTT%",
      "Y/RR",
      "ATT",
      "MTF",
      "Breakout Age",
      "SpeedxBMI"
    ],
    "feature_kinds": {
      "PDOM+": "base",
      "RDOM+": "base",
      "Draft Capital": "base",
      "Comp%": "base",
      "ADJ%": "base",
      "YCO/A": "base",
      "BMI": "base",
      "aDOT": "base",
      "TWP%": "base",
      "BTT%": "base",
      "Y/RR": "base",
      "ATT": "base",
      "MTF": "base",
      "Breakout Age": "base",
      "SpeedxBMI": "interaction"
    },
    "best_bases": [
      "PDOM+",
      "RDOM+",
      "Draft Capital",
      "Comp%",
      "ADJ%",
      "YCO/A",
      "BMI",
      "aDOT",
      "TWP%",
      "BTT%",
      "Y/RR",
      "ATT",
      "MTF",
      "Breakout Age"
    ],
    "best_interactions": [
      "SpeedxBMI"
    ]
  },
  "shap_analysis": {
    "feature_importances": {
      "PDOM+": 1.092465932767996,
      "RDOM+": 1.8153085061457739,
      "Draft Capital": 32.662080362810414,
      "Comp%": 5.608573215003282,
      "ADJ%": 1.5370054694374558,
      "YCO/A": 3.851687066949186,
      "BMI": 2.3288232327753904,
      "aDOT": 0.8140792723087721,
      "TWP%": 1.4393903470957496,
      "BTT%": 9.275407648729596,
      "Y/RR": 0.10776014037805152,
      "ATT": 0.531167204476222,
      "MTF": 1.4746619881511978,
      "Breakout Age": 6.5424236893785555,
      "SpeedxBMI": 0.8046761732336893
    },
    "base_features_importance": {
      "PDOM+": 1.092465932767996,
      "RDOM+": 1.8153085061457739,
      "Draft Capital": 32.662080362810414,
      "Comp%": 5.608573215003282,
      "ADJ%": 1.5370054694374558,
      "YCO/A": 3.851687066949186,
      "BMI": 2.3288232327753904,
      "aDOT": 0.8140792723087721,
      "TWP%": 1.4393903470957496,
      "BTT%": 9.275407648729596,
      "Y/RR": 0.10776014037805152,
      "ATT": 0.531167204476222,
      "MTF": 1.4746619881511978,
      "Breakout Age": 6.5424236893785555
    },
    "interaction_features_importance": {
      "SpeedxBMI": 0.8046761732336893
    },
    "top_5_features": [
      [
        "Draft Capital",
        32.662080362810414
      ],
      [
        "BTT%",
        9.275407648729596
      ],
      [
        "Breakout Age",
        6.5424236893785555
      ],
      [
        "Comp%",
        5.608573215003282
      ],
      [
        "YCO/A",
        3.851687066949186
      ]
    ],
    "base_importance_sum": 69.08083407640765,
    "interaction_importance_sum": 0.8046761732336893,
    "shap_base_value": -80.24640196431717
  },
  "data_info": {
    "train_samples": 94,
    "test_samples": 24,
    "cv_folds_used": 5,
    "total_samples": 118
  },
  "training_config": {
    "max_base_feats": 15,
    "max_interactions": 3,
    "n_iter_per_model": 15,
    "test_size": 0.2,
    "interaction_hierarchy": "none",
    "draft_cap_cap": 0.3,
    "shap_enabled": true
  },
  "file_paths": {
    "model_pickle": "/Users/chasesiegel/Desktop/Comp_Sci/Capstone/Dynasty/data/Training/_derived/QB/qb_model_seed56_subs10_base15_iter15.pkl",
    "predictions_csv": "/Users/chasesiegel/Desktop/Comp_Sci/Capstone/Dynasty/data/Training/_derived/QB/qb_wide_best_preds_seed56_subs10_base15_iter15.csv",
    "leaderboard_csv": "/Users/chasesiegel/Desktop/Comp_Sci/Capstone/Dynasty/data/Training/_derived/QB/qb_wide_leaderboard_seed56_subs10_base15_iter15.csv",
    "shap_contribs_csv": "/Users/chasesiegel/Desktop/Comp_Sci/Capstone/Dynasty/data/Training/_derived/QB/qb_shap_contribs_seed56_subs10_base15_iter15.csv",
    "tree_importances_csv": "/Users/chasesiegel/Desktop/Comp_Sci/Capstone/Dynasty/data/Training/_derived/QB/qb_tree_importances_seed56_subs10.csv",
    "tree_importances_split_csv": "/Users/chasesiegel/Desktop/Comp_Sci/Capstone/Dynasty/data/Training/_derived/QB/qb_tree_importances_split_seed56_subs10.csv",
    "shap_importances_csv": "/Users/chasesiegel/Desktop/Comp_Sci/Capstone/Dynasty/data/Training/_derived/QB/qb_shap_importances_seed56_subs10.csv",
    "shap_importances_split_csv": "/Users/chasesiegel/Desktop/Comp_Sci/Capstone/Dynasty/data/Training/_derived/QB/qb_shap_importances_split_seed56_subs10.csv"
  },
  "timestamp": "2025-12-09T23:58:07.287996",
  "runtime_sec": 14.761488833464682
}