kind,shap_mean_abs
base,71.70825353488335
interaction,8.65659598182409
