kind,tree_feature_importance
base,0.4049425073410381
interaction,0.041397429507629535
