{
  "position": "WR",
  "seed": 21,
  "n_subsets": 10,
  "max_base_feats": 15,
  "n_iter_per_model": 15,
  "best_model_tag": "GB",
  "best_hyperparams": {
    "subsample": 1.0,
    "n_estimators": 400,
    "min_samples_leaf": 5,
    "max_depth": 3,
    "learning_rate": 0.05
  },
  "performance": {
    "test_r2": 0.6795508212414325,
    "test_mae": 64.81884510537047,
    "test_rmse": 81.00254152697599,
    "cv_r2_mean": 0.7169676165942411,
    "max_prediction_raw": 7.146508147923863,
    "min_prediction_raw": -535.22658172137
  },
  "features": {
    "n_features": 13,
    "feature_names": [
      "DOM+",
      "Draft Capital",
      "Y/REC",
      "YAC/R",
      "Drop%",
      "CC%",
      "REC%",
      "FUM",
      "Y/RR",
      "Breakout Age",
      "aDOT",
      "MTF",
      "SpeedxBMI"
    ],
    "feature_kinds": {
      "DOM+": "base",
      "Draft Capital": "base",
      "Y/REC": "base",
      "YAC/R": "base",
      "Drop%": "base",
      "CC%": "base",
      "REC%": "base",
      "FUM": "base",
      "Y/RR": "base",
      "Breakout Age": "base",
      "aDOT": "base",
      "MTF": "base",
      "SpeedxBMI": "interaction"
    },
    "best_bases": [
      "DOM+",
      "Draft Capital",
      "Y/REC",
      "YAC/R",
      "Drop%",
      "CC%",
      "REC%",
      "FUM",
      "Y/RR",
      "Breakout Age",
      "aDOT",
      "MTF"
    ],
    "best_interactions": [
      "SpeedxBMI"
    ]
  },
  "shap_analysis": {
    "feature_importances": {
      "DOM+": 28.163000526640367,
      "Draft Capital": 83.63797574985752,
      "Y/REC": 3.4666380237235757,
      "YAC/R": 4.225620716207494,
      "Drop%": 6.511474461021497,
      "CC%": 3.797326022784144,
      "REC%": 8.614175769455105,
      "FUM": 1.840788124295971,
      "Y/RR": 18.739493876519784,
      "Breakout Age": 19.819930865618257,
      "aDOT": 2.41754384853287,
      "MTF": 2.4123503226498286,
      "SpeedxBMI": 11.238420837537339
    },
    "base_features_importance": {
      "DOM+": 28.163000526640367,
      "Draft Capital": 83.63797574985752,
      "Y/REC": 3.4666380237235757,
      "YAC/R": 4.225620716207494,
      "Drop%": 6.511474461021497,
      "CC%": 3.797326022784144,
      "REC%": 8.614175769455105,
      "FUM": 1.840788124295971,
      "Y/RR": 18.739493876519784,
      "Breakout Age": 19.819930865618257,
      "aDOT": 2.41754384853287,
      "MTF": 2.4123503226498286
    },
    "interaction_features_importance": {
      "SpeedxBMI": 11.238420837537339
    },
    "top_5_features": [
      [
        "Draft Capital",
        83.63797574985752
      ],
      [
        "DOM+",
        28.163000526640367
      ],
      [
        "Breakout Age",
        19.819930865618257
      ],
      [
        "Y/RR",
        18.739493876519784
      ],
      [
        "SpeedxBMI",
        11.238420837537339
      ]
    ],
    "base_importance_sum": 183.64631830730644,
    "interaction_importance_sum": 11.238420837537339,
    "shap_base_value": -207.41509433962264
  },
  "data_info": {
    "train_samples": 265,
    "test_samples": 67,
    "cv_folds_used": 15,
    "total_samples": 332
  },
  "training_config": {
    "max_base_feats": 15,
    "max_interactions": 3,
    "n_iter_per_model": 15,
    "test_size": 0.2,
    "interaction_hierarchy": "none",
    "draft_cap_cap": 0.3,
    "shap_enabled": true
  },
  "file_paths": {
    "model_pickle": "/Users/chasesiegel/Desktop/Comp_Sci/Capstone/Dynasty/data/Training/_derived/WR/wr_model_seed21_subs10_base15_iter15.pkl",
    "predictions_csv": "/Users/chasesiegel/Desktop/Comp_Sci/Capstone/Dynasty/data/Training/_derived/WR/wr_wide_best_preds_seed21_subs10_base15_iter15.csv",
    "leaderboard_csv": "/Users/chasesiegel/Desktop/Comp_Sci/Capstone/Dynasty/data/Training/_derived/WR/wr_wide_leaderboard_seed21_subs10_base15_iter15.csv",
    "shap_contribs_csv": "/Users/chasesiegel/Desktop/Comp_Sci/Capstone/Dynasty/data/Training/_derived/WR/wr_shap_contribs_seed21_subs10_base15_iter15.csv",
    "tree_importances_csv": "/Users/chasesiegel/Desktop/Comp_Sci/Capstone/Dynasty/data/Training/_derived/WR/wr_tree_importances_seed21_subs10.csv",
    "tree_importances_split_csv": "/Users/chasesiegel/Desktop/Comp_Sci/Capstone/Dynasty/data/Training/_derived/WR/wr_tree_importances_split_seed21_subs10.csv",
    "shap_importances_csv": "/Users/chasesiegel/Desktop/Comp_Sci/Capstone/Dynasty/data/Training/_derived/WR/wr_shap_importances_seed21_subs10.csv",
    "shap_importances_split_csv": "/Users/chasesiegel/Desktop/Comp_Sci/Capstone/Dynasty/data/Training/_derived/WR/wr_shap_importances_split_seed21_subs10.csv"
  },
  "timestamp": "2025-12-10T01:52:42.316048",
  "runtime_sec": 71.11421104241163
}