kind,shap_mean_abs
base,24.9934936132347
interaction,11.204672414581097
