kind,shap_mean_abs
base,46.25840842269435
interaction,3.5377215646109854
