kind,shap_mean_abs
base,36.111701119345
interaction,5.366113838200918
