kind,shap_mean_abs
base,47.15626736573917
interaction,5.54293621122203
