kind,tree_feature_importance
base,0.6470736943638539
interaction,0.053715433815932016
