kind,tree_feature_importance
base,0.6292716935026684
interaction,0.05196312243386488
