kind,tree_feature_importance
base,0.5354900143566899
interaction,0.14810580273441004
