kind,tree_feature_importance
base,0.6145247756126895
interaction,0.06000161232664629
