{
  "position": "TE",
  "seed": 21,
  "n_subsets": 20,
  "max_base_feats": 15,
  "n_iter_per_model": 100,
  "best_model_tag": "GB",
  "best_hyperparams": {
    "subsample": 0.8,
    "n_estimators": 200,
    "min_samples_leaf": 3,
    "max_depth": 2,
    "learning_rate": 0.05
  },
  "performance": {
    "test_r2": 0.8335138821338597,
    "test_mae": 18.575982695711186,
    "test_rmse": 22.198316497618457,
    "cv_r2_mean": 0.4002115113351248,
    "max_prediction_raw": 0.6054156068015972,
    "min_prediction_raw": -178.82985426813468
  },
  "features": {
    "n_features": 12,
    "feature_names": [
      "DOM+",
      "Draft Capital",
      "Wide%",
      "Y/RR",
      "ELU",
      "Y/REC",
      "Slot%",
      "REC%",
      "Breakout Age",
      "FUM",
      "SpeedxBMI",
      "Wide%xSlot%"
    ],
    "feature_kinds": {
      "DOM+": "base",
      "Draft Capital": "base",
      "Wide%": "base",
      "Y/RR": "base",
      "ELU": "base",
      "Y/REC": "base",
      "Slot%": "base",
      "REC%": "base",
      "Breakout Age": "base",
      "FUM": "base",
      "SpeedxBMI": "interaction",
      "Wide%xSlot%": "interaction"
    },
    "best_bases": [
      "DOM+",
      "Draft Capital",
      "Wide%",
      "Y/RR",
      "ELU",
      "Y/REC",
      "Slot%",
      "REC%",
      "Breakout Age",
      "FUM"
    ],
    "best_interactions": [
      "SpeedxBMI",
      "Wide%xSlot%"
    ]
  },
  "shap_analysis": {
    "feature_importances": {
      "DOM+": 6.12376564866479,
      "Draft Capital": 29.172999966773776,
      "Wide%": 1.0065636819741077,
      "Y/RR": 17.31706397539683,
      "ELU": 2.1308774323804105,
      "Y/REC": 3.974362441903733,
      "Slot%": 1.9877483468211627,
      "REC%": 2.7462552040278743,
      "Breakout Age": 2.473661645876074,
      "FUM": 0.6250643881760919,
      "SpeedxBMI": 2.7159067075220436,
      "Wide%xSlot%": 2.6502071306788744
    },
    "base_features_importance": {
      "DOM+": 6.12376564866479,
      "Draft Capital": 29.172999966773776,
      "Wide%": 1.0065636819741077,
      "Y/RR": 17.31706397539683,
      "ELU": 2.1308774323804105,
      "Y/REC": 3.974362441903733,
      "Slot%": 1.9877483468211627,
      "REC%": 2.7462552040278743,
      "Breakout Age": 2.473661645876074,
      "FUM": 0.6250643881760919
    },
    "interaction_features_importance": {
      "SpeedxBMI": 2.7159067075220436,
      "Wide%xSlot%": 2.6502071306788744
    },
    "top_5_features": [
      [
        "Draft Capital",
        29.172999966773776
      ],
      [
        "Y/RR",
        17.31706397539683
      ],
      [
        "DOM+",
        6.12376564866479
      ],
      [
        "Y/REC",
        3.974362441903733
      ],
      [
        "REC%",
        2.7462552040278743
      ]
    ],
    "base_importance_sum": 67.55836273199485,
    "interaction_importance_sum": 5.366113838200918,
    "shap_base_value": -92.869791980884
  },
  "data_info": {
    "train_samples": 115,
    "test_samples": 29,
    "cv_folds_used": 15,
    "total_samples": 144
  },
  "training_config": {
    "max_base_feats": 15,
    "max_interactions": 3,
    "n_iter_per_model": 100,
    "test_size": 0.2,
    "interaction_hierarchy": "none",
    "draft_cap_cap": 0.3,
    "shap_enabled": true
  },
  "file_paths": {
    "model_pickle": "/Users/chasesiegel/Desktop/Comp_Sci/Capstone/Dynasty/data/Bakery/_derived/TE/te_model_seed21_subs20_base15_iter100.pkl",
    "predictions_csv": "/Users/chasesiegel/Desktop/Comp_Sci/Capstone/Dynasty/data/Bakery/_derived/TE/te_wide_best_preds_seed21_subs20_base15_iter100.csv",
    "leaderboard_csv": "/Users/chasesiegel/Desktop/Comp_Sci/Capstone/Dynasty/data/Bakery/_derived/TE/te_wide_leaderboard_seed21_subs20_base15_iter100.csv",
    "shap_contribs_csv": "/Users/chasesiegel/Desktop/Comp_Sci/Capstone/Dynasty/data/Bakery/_derived/TE/te_shap_contribs_seed21_subs20_base15_iter100.csv",
    "tree_importances_csv": "/Users/chasesiegel/Desktop/Comp_Sci/Capstone/Dynasty/data/Bakery/_derived/TE/te_tree_importances_seed21_subs20.csv",
    "tree_importances_split_csv": "/Users/chasesiegel/Desktop/Comp_Sci/Capstone/Dynasty/data/Bakery/_derived/TE/te_tree_importances_split_seed21_subs20.csv",
    "shap_importances_csv": "/Users/chasesiegel/Desktop/Comp_Sci/Capstone/Dynasty/data/Bakery/_derived/TE/te_shap_importances_seed21_subs20.csv",
    "shap_importances_split_csv": "/Users/chasesiegel/Desktop/Comp_Sci/Capstone/Dynasty/data/Bakery/_derived/TE/te_shap_importances_split_seed21_subs20.csv"
  },
  "timestamp": "2025-12-09T21:09:33.743816",
  "runtime_sec": 582.1578395422548
}