{
  "position": "TE",
  "seed": 34,
  "n_subsets": 20,
  "max_base_feats": 15,
  "n_iter_per_model": 100,
  "best_model_tag": "GB",
  "best_hyperparams": {
    "subsample": 0.9,
    "n_estimators": 600,
    "min_samples_leaf": 1,
    "max_depth": 2,
    "learning_rate": 0.05
  },
  "performance": {
    "test_r2": 0.6051121282883074,
    "test_mae": 29.216374431322382,
    "test_rmse": 37.11949924206585,
    "cv_r2_mean": 0.6362553342681306,
    "max_prediction_raw": -16.343924914250746,
    "min_prediction_raw": -176.7473901862579
  },
  "features": {
    "n_features": 16,
    "feature_names": [
      "DOM+",
      "Draft Capital",
      "Drop%",
      "Y/RR",
      "REC%",
      "CC%",
      "ELU",
      "aDOT",
      "Slot%",
      "Wide%",
      "YAC/R",
      "Breakout Age",
      "FUM",
      "Y/REC",
      "SpeedxBMI",
      "Wide%xSlot%"
    ],
    "feature_kinds": {
      "DOM+": "base",
      "Draft Capital": "base",
      "Drop%": "base",
      "Y/RR": "base",
      "REC%": "base",
      "CC%": "base",
      "ELU": "base",
      "aDOT": "base",
      "Slot%": "base",
      "Wide%": "base",
      "YAC/R": "base",
      "Breakout Age": "base",
      "FUM": "base",
      "Y/REC": "base",
      "SpeedxBMI": "interaction",
      "Wide%xSlot%": "interaction"
    },
    "best_bases": [
      "DOM+",
      "Draft Capital",
      "Drop%",
      "Y/RR",
      "REC%",
      "CC%",
      "ELU",
      "aDOT",
      "Slot%",
      "Wide%",
      "YAC/R",
      "Breakout Age",
      "FUM",
      "Y/REC"
    ],
    "best_interactions": [
      "SpeedxBMI",
      "Wide%xSlot%"
    ]
  },
  "shap_analysis": {
    "feature_importances": {
      "DOM+": 5.422315280952362,
      "Draft Capital": 26.993475514949274,
      "Drop%": 1.8726060929458561,
      "Y/RR": 15.324240067782547,
      "REC%": 4.0052406785864,
      "CC%": 1.490688601074699,
      "ELU": 1.762256057426846,
      "aDOT": 3.0446440910484682,
      "Slot%": 1.8570553211179872,
      "Wide%": 1.3550615104832486,
      "YAC/R": 4.061827985554145,
      "Breakout Age": 1.6755114030009695,
      "FUM": 0.36035418955581544,
      "Y/REC": 6.399977489210797,
      "SpeedxBMI": 3.928794544044002,
      "Wide%xSlot%": 1.6141416671780278
    },
    "base_features_importance": {
      "DOM+": 5.422315280952362,
      "Draft Capital": 26.993475514949274,
      "Drop%": 1.8726060929458561,
      "Y/RR": 15.324240067782547,
      "REC%": 4.0052406785864,
      "CC%": 1.490688601074699,
      "ELU": 1.762256057426846,
      "aDOT": 3.0446440910484682,
      "Slot%": 1.8570553211179872,
      "Wide%": 1.3550615104832486,
      "YAC/R": 4.061827985554145,
      "Breakout Age": 1.6755114030009695,
      "FUM": 0.36035418955581544,
      "Y/REC": 6.399977489210797
    },
    "interaction_features_importance": {
      "SpeedxBMI": 3.928794544044002,
      "Wide%xSlot%": 1.6141416671780278
    },
    "top_5_features": [
      [
        "Draft Capital",
        26.993475514949274
      ],
      [
        "Y/RR",
        15.324240067782547
      ],
      [
        "Y/REC",
        6.399977489210797
      ],
      [
        "DOM+",
        5.422315280952362
      ],
      [
        "YAC/R",
        4.061827985554145
      ]
    ],
    "base_importance_sum": 75.62525428368943,
    "interaction_importance_sum": 5.54293621122203,
    "shap_base_value": -90.4566411257051
  },
  "data_info": {
    "train_samples": 115,
    "test_samples": 29,
    "cv_folds_used": 15,
    "total_samples": 144
  },
  "training_config": {
    "max_base_feats": 15,
    "max_interactions": 3,
    "n_iter_per_model": 100,
    "test_size": 0.2,
    "interaction_hierarchy": "none",
    "draft_cap_cap": 0.3,
    "shap_enabled": true
  },
  "file_paths": {
    "model_pickle": "/Users/chasesiegel/Desktop/Comp_Sci/Capstone/Dynasty/data/Bakery/_derived/TE/te_model_seed34_subs20_base15_iter100.pkl",
    "predictions_csv": "/Users/chasesiegel/Desktop/Comp_Sci/Capstone/Dynasty/data/Bakery/_derived/TE/te_wide_best_preds_seed34_subs20_base15_iter100.csv",
    "leaderboard_csv": "/Users/chasesiegel/Desktop/Comp_Sci/Capstone/Dynasty/data/Bakery/_derived/TE/te_wide_leaderboard_seed34_subs20_base15_iter100.csv",
    "shap_contribs_csv": "/Users/chasesiegel/Desktop/Comp_Sci/Capstone/Dynasty/data/Bakery/_derived/TE/te_shap_contribs_seed34_subs20_base15_iter100.csv",
    "tree_importances_csv": "/Users/chasesiegel/Desktop/Comp_Sci/Capstone/Dynasty/data/Bakery/_derived/TE/te_tree_importances_seed34_subs20.csv",
    "tree_importances_split_csv": "/Users/chasesiegel/Desktop/Comp_Sci/Capstone/Dynasty/data/Bakery/_derived/TE/te_tree_importances_split_seed34_subs20.csv",
    "shap_importances_csv": "/Users/chasesiegel/Desktop/Comp_Sci/Capstone/Dynasty/data/Bakery/_derived/TE/te_shap_importances_seed34_subs20.csv",
    "shap_importances_split_csv": "/Users/chasesiegel/Desktop/Comp_Sci/Capstone/Dynasty/data/Bakery/_derived/TE/te_shap_importances_split_seed34_subs20.csv"
  },
  "timestamp": "2025-12-09T21:18:46.934840",
  "runtime_sec": 553.190350250341
}