kind,shap_mean_abs
base,26.13515843766832
interaction,1.2983680885111302
