kind,shap_mean_abs
base,28.51844762497381
interaction,1.5039791986182032
