kind,shap_mean_abs
base,26.395398245995743
interaction,1.719265721013392
