kind,tree_feature_importance
base,0.4545003452699785
interaction,0.012332321328296368
