kind,tree_feature_importance
base,0.42792947509365453
interaction,0.006552854012709079
