kind,tree_feature_importance
base,0.43891405972553743
interaction,0.009844824642114017
