{
  "position": "QB",
  "seed": 34,
  "n_subsets": 30,
  "max_base_feats": 15,
  "n_iter_per_model": 75,
  "best_model_tag": "GB",
  "best_hyperparams": {
    "subsample": 0.8,
    "n_estimators": 200,
    "min_samples_leaf": 5,
    "max_depth": 3,
    "learning_rate": 0.05
  },
  "performance": {
    "test_r2": 0.7822716995106772,
    "test_mae": 15.253992767715332,
    "test_rmse": 19.066202498091364,
    "cv_r2_mean": 0.7340087612784768,
    "max_prediction_raw": -19.05021346892199,
    "min_prediction_raw": -145.71294800399193
  },
  "features": {
    "n_features": 14,
    "feature_names": [
      "PDOM+",
      "RDOM+",
      "Draft Capital",
      "Comp%",
      "10+",
      "PYPA",
      "RYPA",
      "Breakout Age",
      "ADJ%",
      "BTT%",
      "REC%",
      "YAC/R",
      "Y/REC",
      "SpeedxBMI"
    ],
    "feature_kinds": {
      "PDOM+": "base",
      "RDOM+": "base",
      "Draft Capital": "base",
      "Comp%": "base",
      "10+": "base",
      "PYPA": "base",
      "RYPA": "base",
      "Breakout Age": "base",
      "ADJ%": "base",
      "BTT%": "base",
      "REC%": "base",
      "YAC/R": "base",
      "Y/REC": "base",
      "SpeedxBMI": "interaction"
    },
    "best_bases": [
      "PDOM+",
      "RDOM+",
      "Draft Capital",
      "Comp%",
      "10+",
      "PYPA",
      "RYPA",
      "Breakout Age",
      "ADJ%",
      "BTT%",
      "REC%",
      "YAC/R",
      "Y/REC"
    ],
    "best_interactions": [
      "SpeedxBMI"
    ]
  },
  "shap_analysis": {
    "feature_importances": {
      "PDOM+": 1.4151048457909514,
      "RDOM+": 1.9907390260334896,
      "Draft Capital": 27.59229706663109,
      "Comp%": 5.731764726985124,
      "10+": 3.365098369136955,
      "PYPA": 4.094856001106349,
      "RYPA": 2.0452791045489604,
      "Breakout Age": 6.791376742463935,
      "ADJ%": 2.4526608248555815,
      "BTT%": 2.845709359820766,
      "REC%": 0.3153608181788456,
      "YAC/R": 0.6007114450272041,
      "Y/REC": 0.248417276844898,
      "SpeedxBMI": 1.3138813224830657
    },
    "base_features_importance": {
      "PDOM+": 1.4151048457909514,
      "RDOM+": 1.9907390260334896,
      "Draft Capital": 27.59229706663109,
      "Comp%": 5.731764726985124,
      "10+": 3.365098369136955,
      "PYPA": 4.094856001106349,
      "RYPA": 2.0452791045489604,
      "Breakout Age": 6.791376742463935,
      "ADJ%": 2.4526608248555815,
      "BTT%": 2.845709359820766,
      "REC%": 0.3153608181788456,
      "YAC/R": 0.6007114450272041,
      "Y/REC": 0.248417276844898
    },
    "interaction_features_importance": {
      "SpeedxBMI": 1.3138813224830657
    },
    "top_5_features": [
      [
        "Draft Capital",
        27.59229706663109
      ],
      [
        "Breakout Age",
        6.791376742463935
      ],
      [
        "Comp%",
        5.731764726985124
      ],
      [
        "PYPA",
        4.094856001106349
      ],
      [
        "10+",
        3.365098369136955
      ]
    ],
    "base_importance_sum": 59.48937560742415,
    "interaction_importance_sum": 1.3138813224830657,
    "shap_base_value": -76.03366601906454
  },
  "data_info": {
    "train_samples": 94,
    "test_samples": 24,
    "cv_folds_used": 15,
    "total_samples": 118
  },
  "training_config": {
    "max_base_feats": 15,
    "max_interactions": 3,
    "n_iter_per_model": 75,
    "test_size": 0.2,
    "interaction_hierarchy": "none",
    "draft_cap_cap": 0.3,
    "shap_enabled": true
  },
  "file_paths": {
    "model_pickle": "/Users/chasesiegel/Desktop/Comp_Sci/Capstone/Dynasty/data/Bakery/_derived/QB/qb_model_seed34_subs30_base15_iter75.pkl",
    "predictions_csv": "/Users/chasesiegel/Desktop/Comp_Sci/Capstone/Dynasty/data/Bakery/_derived/QB/qb_wide_best_preds_seed34_subs30_base15_iter75.csv",
    "leaderboard_csv": "/Users/chasesiegel/Desktop/Comp_Sci/Capstone/Dynasty/data/Bakery/_derived/QB/qb_wide_leaderboard_seed34_subs30_base15_iter75.csv",
    "shap_contribs_csv": "/Users/chasesiegel/Desktop/Comp_Sci/Capstone/Dynasty/data/Bakery/_derived/QB/qb_shap_contribs_seed34_subs30_base15_iter75.csv",
    "tree_importances_csv": "/Users/chasesiegel/Desktop/Comp_Sci/Capstone/Dynasty/data/Bakery/_derived/QB/qb_tree_importances_seed34_subs30.csv",
    "tree_importances_split_csv": "/Users/chasesiegel/Desktop/Comp_Sci/Capstone/Dynasty/data/Bakery/_derived/QB/qb_tree_importances_split_seed34_subs30.csv",
    "shap_importances_csv": "/Users/chasesiegel/Desktop/Comp_Sci/Capstone/Dynasty/data/Bakery/_derived/QB/qb_shap_importances_seed34_subs30.csv",
    "shap_importances_split_csv": "/Users/chasesiegel/Desktop/Comp_Sci/Capstone/Dynasty/data/Bakery/_derived/QB/qb_shap_importances_split_seed34_subs30.csv"
  },
  "timestamp": "2025-12-07T19:44:51.545061",
  "runtime_sec": 845.4741596253589
}