{
  "position": "QB",
  "seed": 56,
  "n_subsets": 30,
  "max_base_feats": 15,
  "n_iter_per_model": 75,
  "best_model_tag": "GB",
  "best_hyperparams": {
    "subsample": 1.0,
    "n_estimators": 400,
    "min_samples_leaf": 5,
    "max_depth": 2,
    "learning_rate": 0.1
  },
  "performance": {
    "test_r2": 0.8368745489248058,
    "test_mae": 14.04836463689549,
    "test_rmse": 19.154064894772898,
    "cv_r2_mean": 0.8000908424847147,
    "max_prediction_raw": -3.0507704791468653,
    "min_prediction_raw": -179.01998636978124
  },
  "features": {
    "n_features": 16,
    "feature_names": [
      "PDOM+",
      "RDOM+",
      "Draft Capital",
      "Comp%",
      "YAC/R",
      "REC%",
      "TWP%",
      "RYPA",
      "YCO/A",
      "10+",
      "CC%",
      "Y/REC",
      "BTT%",
      "Breakout Age",
      "ADJ%",
      "SpeedxBMI"
    ],
    "feature_kinds": {
      "PDOM+": "base",
      "RDOM+": "base",
      "Draft Capital": "base",
      "Comp%": "base",
      "YAC/R": "base",
      "REC%": "base",
      "TWP%": "base",
      "RYPA": "base",
      "YCO/A": "base",
      "10+": "base",
      "CC%": "base",
      "Y/REC": "base",
      "BTT%": "base",
      "Breakout Age": "base",
      "ADJ%": "base",
      "SpeedxBMI": "interaction"
    },
    "best_bases": [
      "PDOM+",
      "RDOM+",
      "Draft Capital",
      "Comp%",
      "YAC/R",
      "REC%",
      "TWP%",
      "RYPA",
      "YCO/A",
      "10+",
      "CC%",
      "Y/REC",
      "BTT%",
      "Breakout Age",
      "ADJ%"
    ],
    "best_interactions": [
      "SpeedxBMI"
    ]
  },
  "shap_analysis": {
    "feature_importances": {
      "PDOM+": 0.7293639577245902,
      "RDOM+": 1.1034775772890375,
      "Draft Capital": 28.744229103336355,
      "Comp%": 8.03801065164504,
      "YAC/R": 0.2142818956069973,
      "REC%": 0.46564752898194506,
      "TWP%": 1.9523482189140433,
      "RYPA": 0.7733801256758636,
      "YCO/A": 5.232446106137089,
      "10+": 3.813714833198476,
      "CC%": 0.0,
      "Y/REC": 0.7835505536227104,
      "BTT%": 10.366384063692104,
      "Breakout Age": 9.794299633436571,
      "ADJ%": 2.022580280449779,
      "SpeedxBMI": 1.7418799243035747
    },
    "base_features_importance": {
      "PDOM+": 0.7293639577245902,
      "RDOM+": 1.1034775772890375,
      "Draft Capital": 28.744229103336355,
      "Comp%": 8.03801065164504,
      "YAC/R": 0.2142818956069973,
      "REC%": 0.46564752898194506,
      "TWP%": 1.9523482189140433,
      "RYPA": 0.7733801256758636,
      "YCO/A": 5.232446106137089,
      "10+": 3.813714833198476,
      "CC%": 0.0,
      "Y/REC": 0.7835505536227104,
      "BTT%": 10.366384063692104,
      "Breakout Age": 9.794299633436571,
      "ADJ%": 2.022580280449779
    },
    "interaction_features_importance": {
      "SpeedxBMI": 1.7418799243035747
    },
    "top_5_features": [
      [
        "Draft Capital",
        28.744229103336355
      ],
      [
        "BTT%",
        10.366384063692104
      ],
      [
        "Breakout Age",
        9.794299633436571
      ],
      [
        "Comp%",
        8.03801065164504
      ],
      [
        "YCO/A",
        5.232446106137089
      ]
    ],
    "base_importance_sum": 74.0337145297106,
    "interaction_importance_sum": 1.7418799243035747,
    "shap_base_value": -80.36170212765958
  },
  "data_info": {
    "train_samples": 94,
    "test_samples": 24,
    "cv_folds_used": 15,
    "total_samples": 118
  },
  "training_config": {
    "max_base_feats": 15,
    "max_interactions": 3,
    "n_iter_per_model": 75,
    "test_size": 0.2,
    "interaction_hierarchy": "none",
    "draft_cap_cap": 0.3,
    "shap_enabled": true
  },
  "file_paths": {
    "model_pickle": "/Users/chasesiegel/Desktop/Comp_Sci/Capstone/Dynasty/data/Bakery/_derived/QB/qb_model_seed56_subs30_base15_iter75.pkl",
    "predictions_csv": "/Users/chasesiegel/Desktop/Comp_Sci/Capstone/Dynasty/data/Bakery/_derived/QB/qb_wide_best_preds_seed56_subs30_base15_iter75.csv",
    "leaderboard_csv": "/Users/chasesiegel/Desktop/Comp_Sci/Capstone/Dynasty/data/Bakery/_derived/QB/qb_wide_leaderboard_seed56_subs30_base15_iter75.csv",
    "shap_contribs_csv": "/Users/chasesiegel/Desktop/Comp_Sci/Capstone/Dynasty/data/Bakery/_derived/QB/qb_shap_contribs_seed56_subs30_base15_iter75.csv",
    "tree_importances_csv": "/Users/chasesiegel/Desktop/Comp_Sci/Capstone/Dynasty/data/Bakery/_derived/QB/qb_tree_importances_seed56_subs30.csv",
    "tree_importances_split_csv": "/Users/chasesiegel/Desktop/Comp_Sci/Capstone/Dynasty/data/Bakery/_derived/QB/qb_tree_importances_split_seed56_subs30.csv",
    "shap_importances_csv": "/Users/chasesiegel/Desktop/Comp_Sci/Capstone/Dynasty/data/Bakery/_derived/QB/qb_shap_importances_seed56_subs30.csv",
    "shap_importances_split_csv": "/Users/chasesiegel/Desktop/Comp_Sci/Capstone/Dynasty/data/Bakery/_derived/QB/qb_shap_importances_split_seed56_subs30.csv"
  },
  "timestamp": "2025-12-07T19:59:48.310114",
  "runtime_sec": 896.7385750003159
}