{
  "position": "QB",
  "seed": 34,
  "n_subsets": 30,
  "max_base_feats": 15,
  "n_iter_per_model": 50,
  "best_model_tag": "GB",
  "best_hyperparams": {
    "subsample": 1.0,
    "n_estimators": 400,
    "min_samples_leaf": 1,
    "max_depth": 3,
    "learning_rate": 0.05
  },
  "performance": {
    "test_r2": 0.7688671496429061,
    "test_mae": 14.979443913888963,
    "test_rmse": 19.644347024264945,
    "cv_r2_mean": 0.8181952026359258,
    "max_prediction_raw": -5.734220580649545,
    "min_prediction_raw": -156.51796437412148
  },
  "features": {
    "n_features": 10,
    "feature_names": [
      "PDOM+",
      "RDOM+",
      "Draft Capital",
      "Comp%",
      "RYPA",
      "Breakout Age",
      "CC%",
      "BTT%",
      "YCO/A",
      "SpeedxBMI"
    ],
    "feature_kinds": {
      "PDOM+": "base",
      "RDOM+": "base",
      "Draft Capital": "base",
      "Comp%": "base",
      "RYPA": "base",
      "Breakout Age": "base",
      "CC%": "base",
      "BTT%": "base",
      "YCO/A": "base",
      "SpeedxBMI": "interaction"
    },
    "best_bases": [
      "PDOM+",
      "RDOM+",
      "Draft Capital",
      "Comp%",
      "RYPA",
      "Breakout Age",
      "CC%",
      "BTT%",
      "YCO/A"
    ],
    "best_interactions": [
      "SpeedxBMI"
    ]
  },
  "shap_analysis": {
    "feature_importances": {
      "PDOM+": 0.5949739879656227,
      "RDOM+": 2.003034726893677,
      "Draft Capital": 26.549159512616725,
      "Comp%": 9.070873886482923,
      "RYPA": 1.8191592272266268,
      "Breakout Age": 7.15267320454982,
      "CC%": 0.0,
      "BTT%": 4.30314330166312,
      "YCO/A": 6.852534430921988,
      "SpeedxBMI": 1.4860677638034652
    },
    "base_features_importance": {
      "PDOM+": 0.5949739879656227,
      "RDOM+": 2.003034726893677,
      "Draft Capital": 26.549159512616725,
      "Comp%": 9.070873886482923,
      "RYPA": 1.8191592272266268,
      "Breakout Age": 7.15267320454982,
      "CC%": 0.0,
      "BTT%": 4.30314330166312,
      "YCO/A": 6.852534430921988
    },
    "interaction_features_importance": {
      "SpeedxBMI": 1.4860677638034652
    },
    "top_5_features": [
      [
        "Draft Capital",
        26.549159512616725
      ],
      [
        "Comp%",
        9.070873886482923
      ],
      [
        "Breakout Age",
        7.15267320454982
      ],
      [
        "YCO/A",
        6.852534430921988
      ],
      [
        "BTT%",
        4.30314330166312
      ]
    ],
    "base_importance_sum": 58.34555227832051,
    "interaction_importance_sum": 1.4860677638034652,
    "shap_base_value": -76.8936170212766
  },
  "data_info": {
    "train_samples": 94,
    "test_samples": 24,
    "cv_folds_used": 15,
    "total_samples": 118
  },
  "training_config": {
    "max_base_feats": 15,
    "max_interactions": 3,
    "n_iter_per_model": 50,
    "test_size": 0.2,
    "interaction_hierarchy": "none",
    "draft_cap_cap": 0.3,
    "shap_enabled": true
  },
  "file_paths": {
    "model_pickle": "/Users/chasesiegel/Desktop/Comp_Sci/Capstone/Dynasty/data/Bakery/_derived/QB/qb_model_seed34_subs30_base15_iter50.pkl",
    "predictions_csv": "/Users/chasesiegel/Desktop/Comp_Sci/Capstone/Dynasty/data/Bakery/_derived/QB/qb_wide_best_preds_seed34_subs30_base15_iter50.csv",
    "leaderboard_csv": "/Users/chasesiegel/Desktop/Comp_Sci/Capstone/Dynasty/data/Bakery/_derived/QB/qb_wide_leaderboard_seed34_subs30_base15_iter50.csv",
    "shap_contribs_csv": "/Users/chasesiegel/Desktop/Comp_Sci/Capstone/Dynasty/data/Bakery/_derived/QB/qb_shap_contribs_seed34_subs30_base15_iter50.csv",
    "tree_importances_csv": "/Users/chasesiegel/Desktop/Comp_Sci/Capstone/Dynasty/data/Bakery/_derived/QB/qb_tree_importances_seed34_subs30.csv",
    "tree_importances_split_csv": "/Users/chasesiegel/Desktop/Comp_Sci/Capstone/Dynasty/data/Bakery/_derived/QB/qb_tree_importances_split_seed34_subs30.csv",
    "shap_importances_csv": "/Users/chasesiegel/Desktop/Comp_Sci/Capstone/Dynasty/data/Bakery/_derived/QB/qb_shap_importances_seed34_subs30.csv",
    "shap_importances_split_csv": "/Users/chasesiegel/Desktop/Comp_Sci/Capstone/Dynasty/data/Bakery/_derived/QB/qb_shap_importances_split_seed34_subs30.csv"
  },
  "timestamp": "2025-12-07T19:07:29.768662",
  "runtime_sec": 414.210408333689
}