{
  "position": "QB",
  "seed": 12,
  "n_subsets": 30,
  "max_base_feats": 15,
  "n_iter_per_model": 75,
  "best_model_tag": "GB",
  "best_hyperparams": {
    "subsample": 0.8,
    "n_estimators": 600,
    "min_samples_leaf": 5,
    "max_depth": 4,
    "learning_rate": 0.05
  },
  "performance": {
    "test_r2": 0.8573910460565206,
    "test_mae": 15.344572854120775,
    "test_rmse": 19.510381568636745,
    "cv_r2_mean": 0.7817820924874997,
    "max_prediction_raw": -19.52144711588544,
    "min_prediction_raw": -155.18268762208035
  },
  "features": {
    "n_features": 13,
    "feature_names": [
      "PDOM+",
      "RDOM+",
      "Draft Capital",
      "Comp%",
      "BTT%",
      "RYPA",
      "Breakout Age",
      "TWP%",
      "REC%",
      "Y/REC",
      "PYPA",
      "YCO/A",
      "SpeedxBMI"
    ],
    "feature_kinds": {
      "PDOM+": "base",
      "RDOM+": "base",
      "Draft Capital": "base",
      "Comp%": "base",
      "BTT%": "base",
      "RYPA": "base",
      "Breakout Age": "base",
      "TWP%": "base",
      "REC%": "base",
      "Y/REC": "base",
      "PYPA": "base",
      "YCO/A": "base",
      "SpeedxBMI": "interaction"
    },
    "best_bases": [
      "PDOM+",
      "RDOM+",
      "Draft Capital",
      "Comp%",
      "BTT%",
      "RYPA",
      "Breakout Age",
      "TWP%",
      "REC%",
      "Y/REC",
      "PYPA",
      "YCO/A"
    ],
    "best_interactions": [
      "SpeedxBMI"
    ]
  },
  "shap_analysis": {
    "feature_importances": {
      "PDOM+": 1.0581415813352737,
      "RDOM+": 3.063471539794836,
      "Draft Capital": 29.317365709166495,
      "Comp%": 6.211689810156525,
      "BTT%": 3.28425957495045,
      "RYPA": 0.5297189649820323,
      "Breakout Age": 5.39287179063452,
      "TWP%": 1.0581029005966454,
      "REC%": 0.053992660333384825,
      "Y/REC": 0.9286601580461483,
      "PYPA": 6.298231701066025,
      "YCO/A": 5.832178733712489,
      "SpeedxBMI": 1.5039791986182032
    },
    "base_features_importance": {
      "PDOM+": 1.0581415813352737,
      "RDOM+": 3.063471539794836,
      "Draft Capital": 29.317365709166495,
      "Comp%": 6.211689810156525,
      "BTT%": 3.28425957495045,
      "RYPA": 0.5297189649820323,
      "Breakout Age": 5.39287179063452,
      "TWP%": 1.0581029005966454,
      "REC%": 0.053992660333384825,
      "Y/REC": 0.9286601580461483,
      "PYPA": 6.298231701066025,
      "YCO/A": 5.832178733712489
    },
    "interaction_features_importance": {
      "SpeedxBMI": 1.5039791986182032
    },
    "top_5_features": [
      [
        "Draft Capital",
        29.317365709166495
      ],
      [
        "PYPA",
        6.298231701066025
      ],
      [
        "Comp%",
        6.211689810156525
      ],
      [
        "YCO/A",
        5.832178733712489
      ],
      [
        "Breakout Age",
        5.39287179063452
      ]
    ],
    "base_importance_sum": 63.028685124774825,
    "interaction_importance_sum": 1.5039791986182032,
    "shap_base_value": -75.76155911466913
  },
  "data_info": {
    "train_samples": 94,
    "test_samples": 24,
    "cv_folds_used": 15,
    "total_samples": 118
  },
  "training_config": {
    "max_base_feats": 15,
    "max_interactions": 3,
    "n_iter_per_model": 75,
    "test_size": 0.2,
    "interaction_hierarchy": "none",
    "draft_cap_cap": 0.3,
    "shap_enabled": true
  },
  "file_paths": {
    "model_pickle": "/Users/chasesiegel/Desktop/Comp_Sci/Capstone/Dynasty/data/Bakery/_derived/QB/qb_model_seed12_subs30_base15_iter75.pkl",
    "predictions_csv": "/Users/chasesiegel/Desktop/Comp_Sci/Capstone/Dynasty/data/Bakery/_derived/QB/qb_wide_best_preds_seed12_subs30_base15_iter75.csv",
    "leaderboard_csv": "/Users/chasesiegel/Desktop/Comp_Sci/Capstone/Dynasty/data/Bakery/_derived/QB/qb_wide_leaderboard_seed12_subs30_base15_iter75.csv",
    "shap_contribs_csv": "/Users/chasesiegel/Desktop/Comp_Sci/Capstone/Dynasty/data/Bakery/_derived/QB/qb_shap_contribs_seed12_subs30_base15_iter75.csv",
    "tree_importances_csv": "/Users/chasesiegel/Desktop/Comp_Sci/Capstone/Dynasty/data/Bakery/_derived/QB/qb_tree_importances_seed12_subs30.csv",
    "tree_importances_split_csv": "/Users/chasesiegel/Desktop/Comp_Sci/Capstone/Dynasty/data/Bakery/_derived/QB/qb_tree_importances_split_seed12_subs30.csv",
    "shap_importances_csv": "/Users/chasesiegel/Desktop/Comp_Sci/Capstone/Dynasty/data/Bakery/_derived/QB/qb_shap_importances_seed12_subs30.csv",
    "shap_importances_split_csv": "/Users/chasesiegel/Desktop/Comp_Sci/Capstone/Dynasty/data/Bakery/_derived/QB/qb_shap_importances_split_seed12_subs30.csv"
  },
  "timestamp": "2025-12-07T19:30:45.860153",
  "runtime_sec": 872.5494714574888
}