{
  "means": [
    4.530364372469635,
    -4.519028340080971,
    30.076153846153844,
    6.275668016194332,
    105.60400809716599,
    3.8604048582995945,
    46.214453441295554,
    -3.242914979757085,
    0.2408906882591093,
    14.267206477732794
  ],
  "scales": [
    2.6659665414303735,
    0.09558612712556198,
    1.4248685515818038,
    1.167802643982632,
    41.80464234976586,
    0.6880293972457664,
    10.152550845422294,
    2.437415088287101,
    0.3885611579610661,
    57.909127624552596
  ],
  "feature_order": [
    "DOM++",
    "40 Time",
    "BMI",
    "YPC",
    "ELU",
    "YCO/A",
    "Break%",
    "Draft Capital",
    "Bama",
    "Rec Yards"
  ],
  "intercept_mean": 6.603441295546558,
  "model": "OLS_Positive"
}