kind,shap_mean_abs
base,16.08912193762831
interaction,1.7857402165295715
