kind,shap_mean_abs
base,23.948225484479764
interaction,5.231500669599633
