kind,tree_feature_importance
base,0.5564581337906254
interaction,0.022356340742516266
