kind,tree_feature_importance
base,0.5444955726246898
interaction,0.046793315064609854
