kind,shap_mean_abs
base,40.18507270333436
interaction,2.6303480615714663
