kind,shap_mean_abs
base,42.702681591894724
interaction,3.230538817706443
