kind,tree_feature_importance
base,0.47831921332610383
interaction,0.041253080668013635
