kind,tree_feature_importance
base,0.469380313379186
interaction,0.03655736544310802
