kind,tree_feature_importance
base,0.5778929905880641
interaction,0.03268698958692288
