kind,tree_feature_importance
base,0.5019319063080523
interaction,0.027605709688060823
