kind,tree_feature_importance
base,0.47219839450108303
interaction,0.03291135935188506
