{
  "position": "RB",
  "seed": 34,
  "n_subsets": 20,
  "max_base_feats": 15,
  "n_iter_per_model": 15,
  "best_model_tag": "GB",
  "best_hyperparams": {
    "subsample": 0.9,
    "n_estimators": 400,
    "min_samples_leaf": 5,
    "max_depth": 2,
    "learning_rate": 0.05
  },
  "performance": {
    "test_r2": 0.509392625617882,
    "test_mae": 39.94717452960032,
    "test_rmse": 52.716706810312225,
    "cv_r2_mean": 0.6137324774284211,
    "max_prediction_raw": -15.146223383049042,
    "min_prediction_raw": -243.39273960945297
  },
  "features": {
    "n_features": 12,
    "feature_names": [
      "DOM+",
      "RDOM+",
      "Draft Capital",
      "ELU",
      "10+",
      "Break%",
      "FUM",
      "MTF",
      "Y/RR",
      "YCO/A",
      "Breakout Age",
      "SpeedxBMI"
    ],
    "feature_kinds": {
      "DOM+": "base",
      "RDOM+": "base",
      "Draft Capital": "base",
      "ELU": "base",
      "10+": "base",
      "Break%": "base",
      "FUM": "base",
      "MTF": "base",
      "Y/RR": "base",
      "YCO/A": "base",
      "Breakout Age": "base",
      "SpeedxBMI": "interaction"
    },
    "best_bases": [
      "DOM+",
      "RDOM+",
      "Draft Capital",
      "ELU",
      "10+",
      "Break%",
      "FUM",
      "MTF",
      "Y/RR",
      "YCO/A",
      "Breakout Age"
    ],
    "best_interactions": [
      "SpeedxBMI"
    ]
  },
  "shap_analysis": {
    "feature_importances": {
      "DOM+": 5.445765374062633,
      "RDOM+": 4.1062255770582485,
      "Draft Capital": 37.21010908120916,
      "ELU": 4.681356986024752,
      "10+": 2.560430181127306,
      "Break%": 3.2001213500453534,
      "FUM": 6.641562377787266,
      "MTF": 11.094637343317052,
      "Y/RR": 3.889268233118786,
      "YCO/A": 9.100274620416865,
      "Breakout Age": 7.825533930270619,
      "SpeedxBMI": 4.4548893901189155
    },
    "base_features_importance": {
      "DOM+": 5.445765374062633,
      "RDOM+": 4.1062255770582485,
      "Draft Capital": 37.21010908120916,
      "ELU": 4.681356986024752,
      "10+": 2.560430181127306,
      "Break%": 3.2001213500453534,
      "FUM": 6.641562377787266,
      "MTF": 11.094637343317052,
      "Y/RR": 3.889268233118786,
      "YCO/A": 9.100274620416865,
      "Breakout Age": 7.825533930270619
    },
    "interaction_features_importance": {
      "SpeedxBMI": 4.4548893901189155
    },
    "top_5_features": [
      [
        "Draft Capital",
        37.21010908120916
      ],
      [
        "MTF",
        11.094637343317052
      ],
      [
        "YCO/A",
        9.100274620416865
      ],
      [
        "Breakout Age",
        7.825533930270619
      ],
      [
        "FUM",
        6.641562377787266
      ]
    ],
    "base_importance_sum": 95.75528505443805,
    "interaction_importance_sum": 4.4548893901189155,
    "shap_base_value": -130.38774309993983
  },
  "data_info": {
    "train_samples": 169,
    "test_samples": 43,
    "cv_folds_used": 15,
    "total_samples": 212
  },
  "training_config": {
    "max_base_feats": 15,
    "max_interactions": 3,
    "n_iter_per_model": 15,
    "test_size": 0.2,
    "interaction_hierarchy": "none",
    "draft_cap_cap": 0.1,
    "shap_enabled": true
  },
  "file_paths": {
    "model_pickle": "/Users/chasesiegel/Desktop/Comp_Sci/Capstone/Dynasty/data/Training/_derived/RB/rb_model_seed34_subs20_base15_iter15.pkl",
    "predictions_csv": "/Users/chasesiegel/Desktop/Comp_Sci/Capstone/Dynasty/data/Training/_derived/RB/rb_wide_best_preds_seed34_subs20_base15_iter15.csv",
    "leaderboard_csv": "/Users/chasesiegel/Desktop/Comp_Sci/Capstone/Dynasty/data/Training/_derived/RB/rb_wide_leaderboard_seed34_subs20_base15_iter15.csv",
    "shap_contribs_csv": "/Users/chasesiegel/Desktop/Comp_Sci/Capstone/Dynasty/data/Training/_derived/RB/rb_shap_contribs_seed34_subs20_base15_iter15.csv",
    "tree_importances_csv": "/Users/chasesiegel/Desktop/Comp_Sci/Capstone/Dynasty/data/Training/_derived/RB/rb_tree_importances_seed34_subs20.csv",
    "tree_importances_split_csv": "/Users/chasesiegel/Desktop/Comp_Sci/Capstone/Dynasty/data/Training/_derived/RB/rb_tree_importances_split_seed34_subs20.csv",
    "shap_importances_csv": "/Users/chasesiegel/Desktop/Comp_Sci/Capstone/Dynasty/data/Training/_derived/RB/rb_shap_importances_seed34_subs20.csv",
    "shap_importances_split_csv": "/Users/chasesiegel/Desktop/Comp_Sci/Capstone/Dynasty/data/Training/_derived/RB/rb_shap_importances_split_seed34_subs20.csv"
  },
  "timestamp": "2025-12-11T13:11:17.605193",
  "runtime_sec": 145.00435616541654
}