kind,mean_abs_shap
base,1.880438785058971
interaction,0.05505248673941342
