kind,mean_abs_shap
base,2.176408107630964
interaction,0.07525235373773664
