kind,mean_abs_shap
base,2.123843415690858
interaction,0.08405814895383022
