kind,mean_abs_shap
base,2.247919339288781
interaction,0.11489414744691201
