kind,tree_feature_importance
base,0.33255603036845094
interaction,0.010382465061358863
