kind,shap_mean_abs
base,12.086184287871205
interaction,2.6730259414439335
