kind,shap_mean_abs
base,21.320250574393913
interaction,2.7714883558035415
