kind,shap_mean_abs
base,20.23868344843715
interaction,3.4318845444716235
