kind,tree_feature_importance
base,0.3939970903409241
interaction,0.027058159709352003
