feature,tree_feature_importance,kind
Breakout Age,0.1106459289671578,base
Draft Capital,0.1,base
RDOM+,0.08035662145892529,base
ELU,0.061212068761884654,base
PDOM+,0.04178247115295633,base
SpeedxBMI,0.027058159709352003,interaction
