kind,tree_feature_importance
base,0.3554086460726437
interaction,0.05782497332167421
