kind,tree_feature_importance
base,0.39255917694781034
interaction,0.04484609304916354
