{
  "position": "QB",
  "seed": 12,
  "n_subsets": 20,
  "max_base_feats": 15,
  "n_iter_per_model": 100,
  "best_model_tag": "GB",
  "best_hyperparams": {
    "subsample": 1.0,
    "n_estimators": 200,
    "min_samples_leaf": 3,
    "max_depth": 2,
    "learning_rate": 0.05
  },
  "performance": {
    "test_r2": 0.5385835202171323,
    "test_mae": 24.921804745737273,
    "test_rmse": 35.09448847804995,
    "cv_r2_mean": 0.5952301139286185,
    "max_prediction_raw": -23.394504607588733,
    "min_prediction_raw": -136.8867872362417
  },
  "features": {
    "n_features": 6,
    "feature_names": [
      "PDOM+",
      "RDOM+",
      "Draft Capital",
      "Breakout Age",
      "ELU",
      "SpeedxBMI"
    ],
    "feature_kinds": {
      "PDOM+": "base",
      "RDOM+": "base",
      "Draft Capital": "base",
      "Breakout Age": "base",
      "ELU": "base",
      "SpeedxBMI": "interaction"
    },
    "best_bases": [
      "PDOM+",
      "RDOM+",
      "Draft Capital",
      "Breakout Age",
      "ELU"
    ],
    "best_interactions": [
      "SpeedxBMI"
    ]
  },
  "shap_analysis": {
    "feature_importances": {
      "PDOM+": 1.8810633817558287,
      "RDOM+": 5.140717647909874,
      "Draft Capital": 29.574320023727566,
      "Breakout Age": 5.232430633950519,
      "ELU": 5.294279631547642,
      "SpeedxBMI": 3.1279796848108075
    },
    "base_features_importance": {
      "PDOM+": 1.8810633817558287,
      "RDOM+": 5.140717647909874,
      "Draft Capital": 29.574320023727566,
      "Breakout Age": 5.232430633950519,
      "ELU": 5.294279631547642
    },
    "interaction_features_importance": {
      "SpeedxBMI": 3.1279796848108075
    },
    "top_5_features": [
      [
        "Draft Capital",
        29.574320023727566
      ],
      [
        "ELU",
        5.294279631547642
      ],
      [
        "Breakout Age",
        5.232430633950519
      ],
      [
        "RDOM+",
        5.140717647909874
      ],
      [
        "SpeedxBMI",
        3.1279796848108075
      ]
    ],
    "base_importance_sum": 47.122811318891436,
    "interaction_importance_sum": 3.1279796848108075,
    "shap_base_value": -75.08510638297871
  },
  "data_info": {
    "train_samples": 94,
    "test_samples": 24,
    "cv_folds_used": 15,
    "total_samples": 118
  },
  "training_config": {
    "max_base_feats": 15,
    "max_interactions": 3,
    "n_iter_per_model": 100,
    "test_size": 0.2,
    "interaction_hierarchy": "none",
    "draft_cap_cap": 0.3,
    "shap_enabled": true
  },
  "file_paths": {
    "model_pickle": "/Users/chasesiegel/Desktop/Comp_Sci/Capstone/Dynasty/data/Bakery/_derived/QB/qb_model_seed12_subs20_base15_iter100.pkl",
    "predictions_csv": "/Users/chasesiegel/Desktop/Comp_Sci/Capstone/Dynasty/data/Bakery/_derived/QB/qb_wide_best_preds_seed12_subs20_base15_iter100.csv",
    "leaderboard_csv": "/Users/chasesiegel/Desktop/Comp_Sci/Capstone/Dynasty/data/Bakery/_derived/QB/qb_wide_leaderboard_seed12_subs20_base15_iter100.csv",
    "shap_contribs_csv": "/Users/chasesiegel/Desktop/Comp_Sci/Capstone/Dynasty/data/Bakery/_derived/QB/qb_shap_contribs_seed12_subs20_base15_iter100.csv",
    "tree_importances_csv": "/Users/chasesiegel/Desktop/Comp_Sci/Capstone/Dynasty/data/Bakery/_derived/QB/qb_tree_importances_seed12_subs20.csv",
    "tree_importances_split_csv": "/Users/chasesiegel/Desktop/Comp_Sci/Capstone/Dynasty/data/Bakery/_derived/QB/qb_tree_importances_split_seed12_subs20.csv",
    "shap_importances_csv": "/Users/chasesiegel/Desktop/Comp_Sci/Capstone/Dynasty/data/Bakery/_derived/QB/qb_shap_importances_seed12_subs20.csv",
    "shap_importances_split_csv": "/Users/chasesiegel/Desktop/Comp_Sci/Capstone/Dynasty/data/Bakery/_derived/QB/qb_shap_importances_split_seed12_subs20.csv"
  },
  "timestamp": "2025-12-05T14:57:40.391999",
  "runtime_sec": 424.0998547077179
}