{
  "position": "QB",
  "seed": 12,
  "n_subsets": 20,
  "max_base_feats": 15,
  "n_iter_per_model": 200,
  "best_model_tag": "GB",
  "best_hyperparams": {
    "subsample": 0.8,
    "n_estimators": 200,
    "min_samples_leaf": 1,
    "max_depth": 2,
    "learning_rate": 0.05
  },
  "performance": {
    "test_r2": 0.5882861706744568,
    "test_mae": 25.069037615885346,
    "test_rmse": 33.15050078704615,
    "cv_r2_mean": 0.6009837593820577,
    "max_prediction_raw": -22.990815946276378,
    "min_prediction_raw": -139.62360482582886
  },
  "features": {
    "n_features": 6,
    "feature_names": [
      "PDOM+",
      "RDOM+",
      "Draft Capital",
      "Breakout Age",
      "ELU",
      "SpeedxBMI"
    ],
    "feature_kinds": {
      "PDOM+": "base",
      "RDOM+": "base",
      "Draft Capital": "base",
      "Breakout Age": "base",
      "ELU": "base",
      "SpeedxBMI": "interaction"
    },
    "best_bases": [
      "PDOM+",
      "RDOM+",
      "Draft Capital",
      "Breakout Age",
      "ELU"
    ],
    "best_interactions": [
      "SpeedxBMI"
    ]
  },
  "shap_analysis": {
    "feature_importances": {
      "PDOM+": 1.832920254817874,
      "RDOM+": 6.3930608223504235,
      "Draft Capital": 29.270499475981875,
      "Breakout Age": 7.424616728751335,
      "ELU": 4.495707962841872,
      "SpeedxBMI": 2.5492624048854244
    },
    "base_features_importance": {
      "PDOM+": 1.832920254817874,
      "RDOM+": 6.3930608223504235,
      "Draft Capital": 29.270499475981875,
      "Breakout Age": 7.424616728751335,
      "ELU": 4.495707962841872
    },
    "interaction_features_importance": {
      "SpeedxBMI": 2.5492624048854244
    },
    "top_5_features": [
      [
        "Draft Capital",
        29.270499475981875
      ],
      [
        "Breakout Age",
        7.424616728751335
      ],
      [
        "RDOM+",
        6.3930608223504235
      ],
      [
        "ELU",
        4.495707962841872
      ],
      [
        "SpeedxBMI",
        2.5492624048854244
      ]
    ],
    "base_importance_sum": 49.41680524474338,
    "interaction_importance_sum": 2.5492624048854244,
    "shap_base_value": -74.81707819098418
  },
  "data_info": {
    "train_samples": 94,
    "test_samples": 24,
    "cv_folds_used": 15,
    "total_samples": 118
  },
  "training_config": {
    "max_base_feats": 15,
    "max_interactions": 3,
    "n_iter_per_model": 200,
    "test_size": 0.2,
    "interaction_hierarchy": "none",
    "draft_cap_cap": 0.3,
    "shap_enabled": true
  },
  "file_paths": {
    "model_pickle": "/Users/chasesiegel/Desktop/Comp_Sci/Capstone/Dynasty/data/Bakery/_derived/QB/qb_model_seed12_subs20_base15_iter200.pkl",
    "predictions_csv": "/Users/chasesiegel/Desktop/Comp_Sci/Capstone/Dynasty/data/Bakery/_derived/QB/qb_wide_best_preds_seed12_subs20_base15_iter200.csv",
    "leaderboard_csv": "/Users/chasesiegel/Desktop/Comp_Sci/Capstone/Dynasty/data/Bakery/_derived/QB/qb_wide_leaderboard_seed12_subs20_base15_iter200.csv",
    "shap_contribs_csv": "/Users/chasesiegel/Desktop/Comp_Sci/Capstone/Dynasty/data/Bakery/_derived/QB/qb_shap_contribs_seed12_subs20_base15_iter200.csv",
    "tree_importances_csv": "/Users/chasesiegel/Desktop/Comp_Sci/Capstone/Dynasty/data/Bakery/_derived/QB/qb_tree_importances_seed12_subs20.csv",
    "tree_importances_split_csv": "/Users/chasesiegel/Desktop/Comp_Sci/Capstone/Dynasty/data/Bakery/_derived/QB/qb_tree_importances_split_seed12_subs20.csv",
    "shap_importances_csv": "/Users/chasesiegel/Desktop/Comp_Sci/Capstone/Dynasty/data/Bakery/_derived/QB/qb_shap_importances_seed12_subs20.csv",
    "shap_importances_split_csv": "/Users/chasesiegel/Desktop/Comp_Sci/Capstone/Dynasty/data/Bakery/_derived/QB/qb_shap_importances_split_seed12_subs20.csv"
  },
  "timestamp": "2025-12-05T15:23:16.076110",
  "runtime_sec": 780.1299620000646
}