kind,mean_abs_shap
base,2.0544059753090758
interaction,0.11236239481634276
