kind,mean_abs_shap
base,2.0532783288748444
interaction,0.11259273906140058
