kind,mean_abs_shap
base,1.9316159469941296
interaction,0.14901799533650592
