kind,mean_abs_shap
base,1.9438834093737465
interaction,0.08482760067540944
