kind,mean_abs_shap
base,2.1344891572346576
interaction,0.08379533491159594
