kind,mean_abs_shap
base,2.001130331277817
interaction,0.0984484557477552
