kind,tree_feature_importance
base,0.4906443631274946
interaction,0.024901131776442983
