kind,tree_feature_importance
base,0.5037959948102059
interaction,0.010312650967592658
