kind,tree_feature_importance
base,0.4822561753684431
interaction,0.0062630025947997435
