kind,tree_feature_importance
base,0.49670398828600104
interaction,0.010345610278289515
