kind,tree_feature_importance
base,0.49301906458830846
interaction,0.009875043816924674
