kind,tree_feature_importance
base,0.4823123102586994
interaction,0.006219291837107673
