kind,shap_mean_abs
base,14.636616603461611
interaction,2.0028506926006324
