kind,shap_mean_abs
base,12.321044860430257
interaction,3.2748234189431504
