kind,tree_feature_importance
base,0.6078706313627964
interaction,0.02966295452389429
