kind,tree_feature_importance
base,0.5925591769478104
interaction,0.04484609304916354
