kind,tree_feature_importance
base,0.5356041541222737
interaction,0.015638115745855424
