{
  "position": "QB",
  "seed": 34,
  "n_subsets": 30,
  "max_base_feats": 15,
  "n_iter_per_model": 300,
  "best_model_tag": "GB",
  "best_hyperparams": {
    "subsample": 1.0,
    "n_estimators": 200,
    "min_samples_leaf": 3,
    "max_depth": 2,
    "learning_rate": 0.05
  },
  "performance": {
    "test_r2": 0.7638768427182663,
    "test_mae": 14.966652347249223,
    "test_rmse": 19.85528159568812,
    "cv_r2_mean": 0.5398685412519039,
    "max_prediction_raw": -16.5522641915643,
    "min_prediction_raw": -127.54260232405399
  },
  "features": {
    "n_features": 6,
    "feature_names": [
      "PDOM+",
      "RDOM+",
      "Draft Capital",
      "Breakout Age",
      "DOM+",
      "SpeedxBMI"
    ],
    "feature_kinds": {
      "PDOM+": "base",
      "RDOM+": "base",
      "Draft Capital": "base",
      "Breakout Age": "base",
      "DOM+": "base",
      "SpeedxBMI": "interaction"
    },
    "best_bases": [
      "PDOM+",
      "RDOM+",
      "Draft Capital",
      "Breakout Age",
      "DOM+"
    ],
    "best_interactions": [
      "SpeedxBMI"
    ]
  },
  "shap_analysis": {
    "feature_importances": {
      "PDOM+": 3.310307279138884,
      "RDOM+": 10.279264570672332,
      "Draft Capital": 27.109203898392423,
      "Breakout Age": 6.488684846045274,
      "DOM+": 0.5970447536503958,
      "SpeedxBMI": 2.0028506926006324
    },
    "base_features_importance": {
      "PDOM+": 3.310307279138884,
      "RDOM+": 10.279264570672332,
      "Draft Capital": 27.109203898392423,
      "Breakout Age": 6.488684846045274,
      "DOM+": 0.5970447536503958
    },
    "interaction_features_importance": {
      "SpeedxBMI": 2.0028506926006324
    },
    "top_5_features": [
      [
        "Draft Capital",
        27.109203898392423
      ],
      [
        "RDOM+",
        10.279264570672332
      ],
      [
        "Breakout Age",
        6.488684846045274
      ],
      [
        "PDOM+",
        3.310307279138884
      ],
      [
        "SpeedxBMI",
        2.0028506926006324
      ]
    ],
    "base_importance_sum": 47.784505347899305,
    "interaction_importance_sum": 2.0028506926006324,
    "shap_base_value": -76.89361702127658
  },
  "data_info": {
    "train_samples": 94,
    "test_samples": 24,
    "cv_folds_used": 15,
    "total_samples": 118
  },
  "training_config": {
    "max_base_feats": 15,
    "max_interactions": 3,
    "n_iter_per_model": 300,
    "test_size": 0.2,
    "interaction_hierarchy": "none",
    "draft_cap_cap": 0.3,
    "shap_enabled": true
  },
  "file_paths": {
    "model_pickle": "/Users/chasesiegel/Desktop/Comp_Sci/Capstone/Dynasty/data/Bakery/_derived/QB/qb_model_seed34_subs30_base15_iter300.pkl",
    "predictions_csv": "/Users/chasesiegel/Desktop/Comp_Sci/Capstone/Dynasty/data/Bakery/_derived/QB/qb_wide_best_preds_seed34_subs30_base15_iter300.csv",
    "leaderboard_csv": "/Users/chasesiegel/Desktop/Comp_Sci/Capstone/Dynasty/data/Bakery/_derived/QB/qb_wide_leaderboard_seed34_subs30_base15_iter300.csv",
    "shap_contribs_csv": "/Users/chasesiegel/Desktop/Comp_Sci/Capstone/Dynasty/data/Bakery/_derived/QB/qb_shap_contribs_seed34_subs30_base15_iter300.csv",
    "tree_importances_csv": "/Users/chasesiegel/Desktop/Comp_Sci/Capstone/Dynasty/data/Bakery/_derived/QB/qb_tree_importances_seed34_subs30.csv",
    "tree_importances_split_csv": "/Users/chasesiegel/Desktop/Comp_Sci/Capstone/Dynasty/data/Bakery/_derived/QB/qb_tree_importances_split_seed34_subs30.csv",
    "shap_importances_csv": "/Users/chasesiegel/Desktop/Comp_Sci/Capstone/Dynasty/data/Bakery/_derived/QB/qb_shap_importances_seed34_subs30.csv",
    "shap_importances_split_csv": "/Users/chasesiegel/Desktop/Comp_Sci/Capstone/Dynasty/data/Bakery/_derived/QB/qb_shap_importances_split_seed34_subs30.csv"
  },
  "timestamp": "2025-12-05T13:46:38.308518",
  "runtime_sec": 1976.2252141255885
}