{
  "position": "QB",
  "seed": 12,
  "n_subsets": 30,
  "max_base_feats": 15,
  "n_iter_per_model": 300,
  "best_model_tag": "GB",
  "best_hyperparams": {
    "subsample": 0.8,
    "n_estimators": 200,
    "min_samples_leaf": 1,
    "max_depth": 2,
    "learning_rate": 0.05
  },
  "performance": {
    "test_r2": 0.6013970926035765,
    "test_mae": 24.135899256912854,
    "test_rmse": 32.61839570342048,
    "cv_r2_mean": 0.6175341969805751,
    "max_prediction_raw": -26.111044379899358,
    "min_prediction_raw": -134.9058105388444
  },
  "features": {
    "n_features": 6,
    "feature_names": [
      "PDOM+",
      "RDOM+",
      "Draft Capital",
      "DOM+",
      "Breakout Age",
      "SpeedxBMI"
    ],
    "feature_kinds": {
      "PDOM+": "base",
      "RDOM+": "base",
      "Draft Capital": "base",
      "DOM+": "base",
      "Breakout Age": "base",
      "SpeedxBMI": "interaction"
    },
    "best_bases": [
      "PDOM+",
      "RDOM+",
      "Draft Capital",
      "DOM+",
      "Breakout Age"
    ],
    "best_interactions": [
      "SpeedxBMI"
    ]
  },
  "shap_analysis": {
    "feature_importances": {
      "PDOM+": 2.456127411911362,
      "RDOM+": 7.977826796471873,
      "Draft Capital": 29.9670740703915,
      "DOM+": 1.4370906520470221,
      "Breakout Age": 6.820465907448551,
      "SpeedxBMI": 3.2748234189431504
    },
    "base_features_importance": {
      "PDOM+": 2.456127411911362,
      "RDOM+": 7.977826796471873,
      "Draft Capital": 29.9670740703915,
      "DOM+": 1.4370906520470221,
      "Breakout Age": 6.820465907448551
    },
    "interaction_features_importance": {
      "SpeedxBMI": 3.2748234189431504
    },
    "top_5_features": [
      [
        "Draft Capital",
        29.9670740703915
      ],
      [
        "RDOM+",
        7.977826796471873
      ],
      [
        "Breakout Age",
        6.820465907448551
      ],
      [
        "SpeedxBMI",
        3.2748234189431504
      ],
      [
        "PDOM+",
        2.456127411911362
      ]
    ],
    "base_importance_sum": 48.6585848382703,
    "interaction_importance_sum": 3.2748234189431504,
    "shap_base_value": -75.03968535328266
  },
  "data_info": {
    "train_samples": 94,
    "test_samples": 24,
    "cv_folds_used": 15,
    "total_samples": 118
  },
  "training_config": {
    "max_base_feats": 15,
    "max_interactions": 3,
    "n_iter_per_model": 300,
    "test_size": 0.2,
    "interaction_hierarchy": "none",
    "draft_cap_cap": 0.3,
    "shap_enabled": true
  },
  "file_paths": {
    "model_pickle": "/Users/chasesiegel/Desktop/Comp_Sci/Capstone/Dynasty/data/Bakery/_derived/QB/qb_model_seed12_subs30_base15_iter300.pkl",
    "predictions_csv": "/Users/chasesiegel/Desktop/Comp_Sci/Capstone/Dynasty/data/Bakery/_derived/QB/qb_wide_best_preds_seed12_subs30_base15_iter300.csv",
    "leaderboard_csv": "/Users/chasesiegel/Desktop/Comp_Sci/Capstone/Dynasty/data/Bakery/_derived/QB/qb_wide_leaderboard_seed12_subs30_base15_iter300.csv",
    "shap_contribs_csv": "/Users/chasesiegel/Desktop/Comp_Sci/Capstone/Dynasty/data/Bakery/_derived/QB/qb_shap_contribs_seed12_subs30_base15_iter300.csv",
    "tree_importances_csv": "/Users/chasesiegel/Desktop/Comp_Sci/Capstone/Dynasty/data/Bakery/_derived/QB/qb_tree_importances_seed12_subs30.csv",
    "tree_importances_split_csv": "/Users/chasesiegel/Desktop/Comp_Sci/Capstone/Dynasty/data/Bakery/_derived/QB/qb_tree_importances_split_seed12_subs30.csv",
    "shap_importances_csv": "/Users/chasesiegel/Desktop/Comp_Sci/Capstone/Dynasty/data/Bakery/_derived/QB/qb_shap_importances_seed12_subs30.csv",
    "shap_importances_split_csv": "/Users/chasesiegel/Desktop/Comp_Sci/Capstone/Dynasty/data/Bakery/_derived/QB/qb_shap_importances_split_seed12_subs30.csv"
  },
  "timestamp": "2025-12-05T12:55:05.734010",
  "runtime_sec": 1761.4357128329575
}