{
  "position": "QB",
  "seed": 34,
  "n_subsets": 60,
  "max_base_feats": 15,
  "n_iter_per_model": 50,
  "best_model_tag": "GB",
  "best_hyperparams": {
    "subsample": 0.8,
    "n_estimators": 400,
    "min_samples_leaf": 3,
    "max_depth": 3,
    "learning_rate": 0.05
  },
  "performance": {
    "test_r2": 0.7796422755639172,
    "test_mae": 15.207850861073945,
    "test_rmse": 19.180984721219843,
    "cv_r2_mean": 0.7483094767303908,
    "max_prediction_raw": -11.23344180572245,
    "min_prediction_raw": -139.17261521308706
  },
  "features": {
    "n_features": 7,
    "feature_names": [
      "PDOM+",
      "RDOM+",
      "Draft Capital",
      "Comp%",
      "BTT%",
      "ADJ%",
      "Breakout Age"
    ],
    "feature_kinds": {
      "PDOM+": "base",
      "RDOM+": "base",
      "Draft Capital": "base",
      "Comp%": "base",
      "BTT%": "base",
      "ADJ%": "base",
      "Breakout Age": "base"
    },
    "best_bases": [
      "PDOM+",
      "RDOM+",
      "Draft Capital",
      "Comp%",
      "BTT%",
      "ADJ%",
      "Breakout Age"
    ],
    "best_interactions": []
  },
  "shap_analysis": {
    "feature_importances": {
      "PDOM+": 2.1827776190392534,
      "RDOM+": 5.923552718241699,
      "Draft Capital": 28.063802244086343,
      "Comp%": 6.2810648643062885,
      "BTT%": 5.484277203184721,
      "ADJ%": 4.962142220845774,
      "Breakout Age": 7.173882663100122
    },
    "base_features_importance": {
      "PDOM+": 2.1827776190392534,
      "RDOM+": 5.923552718241699,
      "Draft Capital": 28.063802244086343,
      "Comp%": 6.2810648643062885,
      "BTT%": 5.484277203184721,
      "ADJ%": 4.962142220845774,
      "Breakout Age": 7.173882663100122
    },
    "interaction_features_importance": {},
    "top_5_features": [
      [
        "Draft Capital",
        28.063802244086343
      ],
      [
        "Breakout Age",
        7.173882663100122
      ],
      [
        "Comp%",
        6.2810648643062885
      ],
      [
        "RDOM+",
        5.923552718241699
      ],
      [
        "BTT%",
        5.484277203184721
      ]
    ],
    "base_importance_sum": 60.071499532804204,
    "interaction_importance_sum": 0.0,
    "shap_base_value": -75.99514096468594
  },
  "data_info": {
    "train_samples": 94,
    "test_samples": 24,
    "cv_folds_used": 15,
    "total_samples": 118
  },
  "training_config": {
    "max_base_feats": 15,
    "max_interactions": 3,
    "n_iter_per_model": 50,
    "test_size": 0.2,
    "interaction_hierarchy": "none",
    "draft_cap_cap": 0.3,
    "shap_enabled": true
  },
  "file_paths": {
    "model_pickle": "/Users/chasesiegel/Desktop/Comp_Sci/Capstone/Dynasty/data/Bakery/_derived/QB/qb_model_seed34_subs60_base15_iter50.pkl",
    "predictions_csv": "/Users/chasesiegel/Desktop/Comp_Sci/Capstone/Dynasty/data/Bakery/_derived/QB/qb_wide_best_preds_seed34_subs60_base15_iter50.csv",
    "leaderboard_csv": "/Users/chasesiegel/Desktop/Comp_Sci/Capstone/Dynasty/data/Bakery/_derived/QB/qb_wide_leaderboard_seed34_subs60_base15_iter50.csv",
    "shap_contribs_csv": "/Users/chasesiegel/Desktop/Comp_Sci/Capstone/Dynasty/data/Bakery/_derived/QB/qb_shap_contribs_seed34_subs60_base15_iter50.csv",
    "tree_importances_csv": "/Users/chasesiegel/Desktop/Comp_Sci/Capstone/Dynasty/data/Bakery/_derived/QB/qb_tree_importances_seed34_subs60.csv",
    "tree_importances_split_csv": "/Users/chasesiegel/Desktop/Comp_Sci/Capstone/Dynasty/data/Bakery/_derived/QB/qb_tree_importances_split_seed34_subs60.csv",
    "shap_importances_csv": "/Users/chasesiegel/Desktop/Comp_Sci/Capstone/Dynasty/data/Bakery/_derived/QB/qb_shap_importances_seed34_subs60.csv",
    "shap_importances_split_csv": "/Users/chasesiegel/Desktop/Comp_Sci/Capstone/Dynasty/data/Bakery/_derived/QB/qb_shap_importances_split_seed34_subs60.csv"
  },
  "timestamp": "2025-12-09T11:14:53.937419",
  "runtime_sec": 730.9813975403085
}