{
  "position": "QB",
  "seed": 21,
  "n_subsets": 60,
  "max_base_feats": 15,
  "n_iter_per_model": 50,
  "best_model_tag": "GB",
  "best_hyperparams": {
    "subsample": 0.8,
    "n_estimators": 600,
    "min_samples_leaf": 1,
    "max_depth": 3,
    "learning_rate": 0.05
  },
  "performance": {
    "test_r2": 0.7674313929274195,
    "test_mae": 21.164824256813404,
    "test_rmse": 26.65015215236984,
    "cv_r2_mean": 0.7763910659183065,
    "max_prediction_raw": -10.810838966168852,
    "min_prediction_raw": -140.78236782426828
  },
  "features": {
    "n_features": 10,
    "feature_names": [
      "PDOM+",
      "RDOM+",
      "Draft Capital",
      "Comp%",
      "BTT%",
      "Breakout Age",
      "BMI",
      "YCO/A",
      "ATT",
      "aDOT"
    ],
    "feature_kinds": {
      "PDOM+": "base",
      "RDOM+": "base",
      "Draft Capital": "base",
      "Comp%": "base",
      "BTT%": "base",
      "Breakout Age": "base",
      "BMI": "base",
      "YCO/A": "base",
      "ATT": "base",
      "aDOT": "base"
    },
    "best_bases": [
      "PDOM+",
      "RDOM+",
      "Draft Capital",
      "Comp%",
      "BTT%",
      "Breakout Age",
      "BMI",
      "YCO/A",
      "ATT",
      "aDOT"
    ],
    "best_interactions": []
  },
  "shap_analysis": {
    "feature_importances": {
      "PDOM+": 1.0936254941374637,
      "RDOM+": 3.4046885808123037,
      "Draft Capital": 35.30969834509295,
      "Comp%": 7.024237156045488,
      "BTT%": 5.333677630196593,
      "Breakout Age": 4.54959096050351,
      "BMI": 3.1882044900414024,
      "YCO/A": 4.676227334986256,
      "ATT": 1.1106660635807541,
      "aDOT": 1.8193291371563625
    },
    "base_features_importance": {
      "PDOM+": 1.0936254941374637,
      "RDOM+": 3.4046885808123037,
      "Draft Capital": 35.30969834509295,
      "Comp%": 7.024237156045488,
      "BTT%": 5.333677630196593,
      "Breakout Age": 4.54959096050351,
      "BMI": 3.1882044900414024,
      "YCO/A": 4.676227334986256,
      "ATT": 1.1106660635807541,
      "aDOT": 1.8193291371563625
    },
    "interaction_features_importance": {},
    "top_5_features": [
      [
        "Draft Capital",
        35.30969834509295
      ],
      [
        "Comp%",
        7.024237156045488
      ],
      [
        "BTT%",
        5.333677630196593
      ],
      [
        "YCO/A",
        4.676227334986256
      ],
      [
        "Breakout Age",
        4.54959096050351
      ]
    ],
    "base_importance_sum": 67.50994519255306,
    "interaction_importance_sum": 0.0,
    "shap_base_value": -77.87143690239172
  },
  "data_info": {
    "train_samples": 94,
    "test_samples": 24,
    "cv_folds_used": 15,
    "total_samples": 118
  },
  "training_config": {
    "max_base_feats": 15,
    "max_interactions": 3,
    "n_iter_per_model": 50,
    "test_size": 0.2,
    "interaction_hierarchy": "none",
    "draft_cap_cap": 0.3,
    "shap_enabled": true
  },
  "file_paths": {
    "model_pickle": "/Users/chasesiegel/Desktop/Comp_Sci/Capstone/Dynasty/data/Bakery/_derived/QB/qb_model_seed21_subs60_base15_iter50.pkl",
    "predictions_csv": "/Users/chasesiegel/Desktop/Comp_Sci/Capstone/Dynasty/data/Bakery/_derived/QB/qb_wide_best_preds_seed21_subs60_base15_iter50.csv",
    "leaderboard_csv": "/Users/chasesiegel/Desktop/Comp_Sci/Capstone/Dynasty/data/Bakery/_derived/QB/qb_wide_leaderboard_seed21_subs60_base15_iter50.csv",
    "shap_contribs_csv": "/Users/chasesiegel/Desktop/Comp_Sci/Capstone/Dynasty/data/Bakery/_derived/QB/qb_shap_contribs_seed21_subs60_base15_iter50.csv",
    "tree_importances_csv": "/Users/chasesiegel/Desktop/Comp_Sci/Capstone/Dynasty/data/Bakery/_derived/QB/qb_tree_importances_seed21_subs60.csv",
    "tree_importances_split_csv": "/Users/chasesiegel/Desktop/Comp_Sci/Capstone/Dynasty/data/Bakery/_derived/QB/qb_tree_importances_split_seed21_subs60.csv",
    "shap_importances_csv": "/Users/chasesiegel/Desktop/Comp_Sci/Capstone/Dynasty/data/Bakery/_derived/QB/qb_shap_importances_seed21_subs60.csv",
    "shap_importances_split_csv": "/Users/chasesiegel/Desktop/Comp_Sci/Capstone/Dynasty/data/Bakery/_derived/QB/qb_shap_importances_split_seed21_subs60.csv"
  },
  "timestamp": "2025-12-09T11:02:42.951624",
  "runtime_sec": 767.020160834305
}