kind,mean_abs_shap
base,1.3537704710682532
interaction,0.1601695380879497
