kind,mean_abs_shap
base,1.251037048761515
interaction,0.15244279605177746
