kind,mean_abs_shap
base,1.1334204924019553
interaction,0.13188159972581406
