kind,mean_abs_shap
base,1.1998582153601667
interaction,0.13368973857328814
