kind,mean_abs_shap
base,1.1537222723827323
interaction,0.21304040221706244
