kind,mean_abs_shap
base,1.2651345726268535
interaction,0.14604067683095798
