kind,tree_feature_importance
base,0.4309618447101215
interaction,0.028139323174155677
