kind,tree_feature_importance
base,0.43030168345760256
interaction,0.036674709171303985
