kind,tree_feature_importance
base,0.4124434376746071
interaction,0.023152517503524983
