kind,tree_feature_importance
base,0.4179676977556466
interaction,0.019833437378705625
