kind,tree_feature_importance
base,0.441262089615776
interaction,0.024735230917557256
