kind,tree_feature_importance
base,0.40253943649035523
interaction,0.017715295481446517
